{
  "iteration": 1000,
  "latest_metrics": {
    "iteration": 1000,
    "global_cost": 0.00013317860496031564,
    "global_residual_l2": 0.011540303507132725,
    "consensus_error_l2": 0.0,
    "solution_error_l2": 0.013544343754455847,
    "relative_solution_error_l2": 0.013525506448061792,
    "tracked_cost": 0.00013317860496031564,
    "alpha_grad_l2": 8.196320556240821e-09,
    "beta_grad_l2": null,
    "alpha_step_l2": 3.176864008702645e-08,
    "beta_step_l2": null
  },
  "alpha": {
    "real": [
      [
        [
          1.0010115506354271,
          -8.496803260982233e-11,
          7.291189874081283e-11,
          1.2676442118220166e-09,
          1.2146283978609063e-09,
          -9.374535814288265e-09,
          5.319594986730181e-09,
          9.240990195280574e-10,
          3.6264582448097826e-09,
          1.2243118074906079e-08,
          1.9262218486915117e-09,
          -3.836278850144481e-09,
          1.2305686691860274e-08,
          2.711204594163519e-10,
          0.008543605129899934,
          -9.110934229283885e-11,
          -3.3518965381063026e-11,
          -5.452003293271446e-10,
          3.2040059494420348e-09,
          2.237459106879669e-10,
          6.268807695164469e-11,
          -1.1635181706992626e-10,
          -1.3278089738832932e-10,
          2.486211236885083e-10,
          2.2140289601679797e-10,
          -9.192024919002506e-11,
          0.008543605129914589
        ]
      ]
    ]
  },
  "beta": {
    "real": [
      [
        [
          0.9999999999999999,
          0.008245371109486754,
          -0.044621759190925925,
          -0.0678695982449744,
          0.09398508264322647,
          0.003213717109575853,
          -0.07682687750584583,
          0.02469795110750006,
          0.05533662286845953,
          0.022600660210608137,
          0.08345954095818042,
          -0.09208142466715952,
          0.005717852652004307,
          -0.008132823422919433,
          -0.08753008417002484,
          0.028265633827874836,
          0.07052656769613153,
          0.01858820362085689,
          -0.04798051045255525,
          0.06797630420628176,
          0.0018991763043016974,
          0.002177776893306671,
          0.05060604154043569,
          -0.07041559284300858,
          0.0639253438238554,
          0.03665738120065143,
          0.05741938831096016
        ]
      ]
    ]
  },
  "failed": 0,
  "error_message": null,
  "optimizer_state": {
    "step": 1000,
    "y": {
      "real": [
        [
          [
            -4.440892098500626e-15,
            -2.6814966389553207e-09,
            -3.544011294511744e-09,
            5.36507229457784e-10,
            4.867144047322374e-10,
            -3.8643514380880676e-09,
            2.463056412181381e-09,
            1.1452859097488552e-09,
            1.544448007508475e-09,
            5.267025662548301e-09,
            1.099141503162084e-09,
            -1.534606500557468e-09,
            5.255909213271401e-09,
            1.6228659555286446e-10,
            -4.795653687172125e-16,
            -2.354887881985635e-11,
            -4.366109858283155e-12,
            -2.0402352226433961e-10,
            1.0077810953986684e-09,
            2.885387123076269e-11,
            6.108560235856997e-11,
            2.625585911360444e-11,
            -1.4618285326297283e-11,
            1.1553355491584841e-10,
            1.343658706402648e-10,
            -4.062420327367529e-11,
            3.326640929207627e-16
          ]
        ]
      ]
    },
    "a_alpha": {
      "real": [
        [
          [
            1.1834146753966037e-15,
            2.6487679451244868e-11,
            1.355561714040362e-10,
            1.5524251933647323e-10,
            -3.648144958799139e-11,
            -1.2377964305631502e-10,
            -1.9247149655513297e-10,
            -8.891882263358082e-12,
            1.92316230547026e-12,
            -2.479563636408422e-10,
            -1.1769503171025023e-10,
            2.361240010393744e-10,
            -2.6831143992747594e-10,
            1.4317867030727736e-11,
            4.3662869825609926e-17,
            1.267462426538317e-12,
            -2.235738026310711e-13,
            6.0736125427188794e-12,
            -6.556026086535644e-11,
            -7.231743806341617e-12,
            -1.3447026416737935e-12,
            8.48996721240824e-12,
            1.8877152783915117e-12,
            -8.345464731825885e-12,
            3.1686233355405672e-12,
            8.906793560856798e-12,
            1.1640245681357422e-17
          ]
        ]
      ]
    },
    "b_alpha": {
      "real": [
        [
          [
            2.1996987286945225e-06,
            8.943734619599603e-08,
            1.944937008324378e-06,
            1.0845598408909183e-06,
            1.922504183850558e-06,
            3.4048099782249965e-07,
            8.034246421611958e-08,
            9.689783190808353e-07,
            1.017799621819092e-07,
            3.8684211853234924e-08,
            2.1240971015270287e-06,
            5.578607265286051e-07,
            4.360433219477688e-08,
            2.5373056526459496e-07,
            3.901562712105425e-07,
            1.8544167758043935e-07,
            2.334914644593375e-08,
            6.420618335606373e-07,
            4.546597468954992e-08,
            3.844340788837755e-07,
            2.564278931422525e-07,
            3.053614198636598e-07,
            2.417503738243266e-07,
            4.355812983712487e-08,
            1.1137333283830931e-06,
            1.0384234865845137e-06,
            2.1353329690023408e-07
          ]
        ]
      ]
    },
    "a_beta": {
      "real": [
        [
          [
            0.0,
            0.0,
            0.0,
            0.0,
            0.0,
            0.0,
            0.0,
            0.0,
            0.0,
            0.0,
            0.0,
            0.0,
            0.0,
            0.0,
            0.0,
            0.0,
            0.0,
            0.0,
            0.0,
            0.0,
            0.0,
            0.0,
            0.0,
            0.0,
            0.0,
            0.0,
            0.0
          ]
        ]
      ]
    },
    "b_beta": {
      "real": [
        [
          [
            0.0,
            0.0,
            0.0,
            0.0,
            0.0,
            0.0,
            0.0,
            0.0,
            0.0,
            0.0,
            0.0,
            0.0,
            0.0,
            0.0,
            0.0,
            0.0,
            0.0,
            0.0,
            0.0,
            0.0,
            0.0,
            0.0,
            0.0,
            0.0,
            0.0,
            0.0,
            0.0
          ]
        ]
      ]
    }
  }
}
