{
  "iteration": 553,
  "latest_metrics": {
    "iteration": 550,
    "global_cost": 0.9999999999965611,
    "global_residual_l2": 0.9999999999982806,
    "consensus_error_l2": 0.0,
    "solution_error_l2": 1.0013927246894359,
    "relative_solution_error_l2": 1.0000000000275602,
    "tracked_cost": 0.9999999999965604,
    "alpha_grad_l2": 9.411488987925165e-10,
    "beta_grad_l2": null,
    "alpha_step_l2": 2.1549816744075836e-08,
    "beta_step_l2": null
  },
  "alpha": {
    "real": [
      [
        [
          -8.068869981223644e-06,
          1.0970325450537244,
          1.0990355544143053,
          0.38636423962584887,
          -1.1221960319550082,
          1.453962096224533,
          0.33365849350309906,
          -0.2962163646134943,
          0.1846499199488143,
          0.863260402677791,
          -0.07770363914472522,
          1.154368989477863,
          -0.10897930912618214,
          -0.5046776705970766,
          -0.7223563353356957,
          -0.5625285806189035,
          0.664191611729728,
          -0.24091229304330497,
          0.4288664501899633,
          -0.010320648742236038,
          -0.40777811251985474,
          -0.07927643096334602,
          -0.706645558368094,
          1.1613697508268013,
          0.723362681597969,
          -2.5663134101916216,
          -1.6572368295630706,
          -0.7342184793978204,
          -0.04780215672187316,
          0.08544985598126864,
          0.0636272265883453,
          2.658110641253238,
          -0.7310982964597446,
          -0.11054124559551992,
          2.7402000764097716,
          0.034083773503280845,
          0.1292885640660395,
          -0.5114221724159256,
          -1.1886784330674662,
          0.018080695658219792,
          0.6684137438085216,
          -1.420776776707769,
          -0.770755903514782,
          -0.1146717507468944,
          -1.029935176693408,
          0.2967575456662601,
          0.4943825976982499,
          0.2873556991525237,
          -0.19878304684912385,
          0.8260326115583321,
          0.8992589737216239,
          0.16682176436690455,
          -0.9676142759548383
        ]
      ]
    ]
  },
  "beta": {
    "real": [
      [
        [
          0.1,
          0.7316522837854409,
          -0.5014400184670524,
          0.879160618287985,
          -1.0717874168774442,
          0.9144672031287815,
          -0.020063454615480314,
          -1.2487488903344155,
          -0.313899471966848,
          0.054102278771543943,
          0.27279133916445364,
          -0.9821881249409778,
          -1.107373047165193,
          0.1995845328470809,
          -0.466749616879802,
          0.23550561173022544,
          0.7595195224783793,
          -1.6487873663509485,
          0.2543881165176174,
          1.2246469675357323,
          -0.29752684437047305,
          -0.8108145832375699,
          0.7522438271795928,
          0.2534465162081414,
          0.8958830707775602,
          -0.3452157100512796,
          -1.4818182737222112,
          -0.11001076471125115,
          -0.44582815301123224,
          0.7753238220475742,
          0.1936328483771539,
          -1.6308492324351012,
          -1.1951630801031998,
          0.8837890365872552,
          0.6797650174178465,
          -0.6402433659084887,
          -0.0010487965672805188,
          0.44557355377618624,
          0.46840433584727803,
          0.8762421961143501,
          0.2564856272215619,
          -0.0948283389684983,
          -0.2588480647878457,
          1.0557428005332508,
          -2.2508542750785376,
          -0.13865532509133738,
          0.03300010398405995,
          -1.4253489608701877,
          0.3328136131380468,
          -0.6512810124433939,
          0.8624447963157467,
          -0.1255920840343272,
          0.6691532407894529
        ]
      ]
    ]
  },
  "failed": 0,
  "error_message": null,
  "optimizer_state": {
    "step": 553,
    "y": {
      "real": [
        [
          [
            -1.871947067854034e-10,
            2.249288166299157e-11,
            1.8927085915389196e-10,
            -6.341022297850726e-11,
            -4.03858156454425e-11,
            -8.079030316460611e-11,
            1.3654368454748712e-11,
            3.3955716776770856e-11,
            -4.7349521819123917e-11,
            -5.080284848252447e-12,
            5.2300824571394985e-12,
            1.9824506503275483e-11,
            -1.9306590159449808e-11,
            3.1821347280331305e-11,
            -6.641905370851133e-12,
            -1.5497746527122962e-10,
            -1.881259133904105e-10,
            -2.6454326625530755e-10,
            2.844933223003312e-10,
            1.8273065460349e-11,
            -1.8669512816240116e-11,
            -2.5920740437576693e-11,
            7.48266362322066e-12,
            1.1605884223879311e-12,
            3.486886884270191e-11,
            3.096775229017049e-11,
            3.182134701639452e-11,
            -6.641901034045432e-12,
            5.7537646021045944e-11,
            1.6911744283782983e-10,
            5.162148448428692e-10,
            3.096156906865356e-10,
            -1.8814791224750393e-12,
            -4.573336697962694e-11,
            7.213652559389712e-11,
            1.9440046157181002e-10,
            -3.968475741654835e-12,
            2.925210277859695e-11,
            4.6009436217836065e-11,
            -3.090857839701955e-11,
            -3.909694238436934e-11,
            3.417033909979897e-12,
            4.891739293861768e-12,
            -1.6428341969700357e-10,
            -1.649121660196965e-10,
            2.5813769446965577e-12,
            1.65133695749458e-12,
            1.383454970287391e-10,
            1.3860150883374536e-10,
            -1.0581525351424005e-11,
            -1.0479946900874915e-11,
            -3.127957718279962e-11,
            -3.090857844056678e-11
          ]
        ]
      ]
    },
    "a_alpha": {
      "real": [
        [
          [
            -5.364092591540587e-10,
            2.250172069794458e-11,
            1.8934262734642943e-10,
            -6.343475460663552e-11,
            -4.040140019809326e-11,
            -8.082159915449383e-11,
            1.365981421253536e-11,
            3.396894282282363e-11,
            -4.736781979813109e-11,
            -5.082403560511971e-12,
            5.232185075739439e-12,
            1.983137441444141e-11,
            -1.931395559450651e-11,
            3.18336229192512e-11,
            -6.644880011671675e-12,
            -1.550364102770721e-10,
            -1.8819871521321265e-10,
            -2.646456729907699e-10,
            2.8460325391387396e-10,
            1.8279958145349113e-11,
            -1.8676756440683226e-11,
            -2.5930767334348903e-11,
            7.485600921274258e-12,
            1.1610126427215106e-12,
            3.488193579946489e-11,
            3.097950128802214e-11,
            3.183362265531317e-11,
            -6.644875674864325e-12,
            5.75587652845884e-11,
            1.6918286401742903e-10,
            5.164147530678495e-10,
            3.0973539571960383e-10,
            -1.882189234088134e-12,
            -4.575170245417346e-11,
            7.216374820877182e-11,
            1.944757216557705e-10,
            -3.970034443901864e-12,
            2.92629487508151e-11,
            4.602674150033995e-11,
            -3.09204338519296e-11,
            -3.911134206618932e-11,
            3.418258708172631e-12,
            4.893488688810523e-12,
            -1.6434707002886654e-10,
            -1.6497603210350283e-10,
            2.582408791343787e-12,
            1.6520137419723504e-12,
            1.3839903501307144e-10,
            1.386551361164354e-10,
            -1.0585615200136719e-11,
            -1.0483947298351401e-11,
            -3.1291574868865055e-11,
            -3.092043389547512e-11
          ]
        ]
      ]
    },