{
  "iteration": 200,
  "latest_metrics": {
    "global_cost": 4.873065803506771e-05,
    "residual_norm_l2": 0.009308592013920257,
    "consensus_error_l2": 1.7170580305220096e-05,
    "row_variance_mse": 4.606700437781442e-12,
    "relative_solution_error_l2": 0.014326207737741984,
    "iteration": 200,
    "elapsed_s": 3627.7537781838328,
    "alpha_grad_l2": 0.00040482441244700317,
    "beta_grad_l2": 0.00012992212829487294,
    "alpha_step_l2": 0.0013360272993332726,
    "beta_step_l2": 0.0012922247515720028
  },
  "alpha": {
    "real": [
      [
        [
          0.7082719444110641,
          0.17671026305253568,
          0.41387942865148464,
          0.5355224481312004,
          0.49301513582098266,
          0.35604926726581176,
          0.04265626401520661,
          0.3873250060096689,
          0.250838281364858,
          0.18142111193136712,
          0.29775787214804916,
          0.10409636663971122,
          0.0438715334248565,
          -0.0037983640869123647,
          0.03493699871826905,
          0.0647244286495341,
          0.3906808055469875,
          0.2011744210713471,
          0.3077990620946953,
          0.4666378844973984,
          0.062341473753782406,
          0.43875287289555676,
          0.666904059752206,
          0.6723998080367988,
          0.5752429999374504,
          0.45287043043804687,
          -0.028814101579369922,
          -0.015045430626272172,
          -0.10898667976800036,
          -0.1315016242368845,
          0.4540338651313456,
          -0.11153527861557944,
          -0.04626520680506463,
          -0.035629158066442734,
          -0.028486176291036003,
          -0.11591911217027828,
          0.5005982672629803,
          -0.14921219664663266,
          -0.20964567489027974,
          -0.1446744334080452,
          -0.11273006859769774
        ],
        [
          0.7083417609452591,
          0.13849179462838457,
          0.4202596121858466,
          0.5228247375820376,
          0.41509867817098245,
          0.2167220144684987,
          0.0970979280798967,
          0.36828736481288926,
          0.21541845411753258,
          0.22327259241304143,
          0.3211465089741292,
          0.039483381281067764,
          0.06688581761374124,
          -0.03900364818543123,
          0.1092977607711001,
          0.05540892116797025,
          0.44004114121711124,
          0.15773039154802015,
          0.3107721792390006,
          0.4355747695617809,
          0.002507954816687974,
          0.44135992344021835,
          0.6470380750866691,
          0.7392258120121542,
          0.5343981269499682,
          0.5429375280459832,
          -0.0683161066847,
          0.04528004020505172,
          -0.14130579127595944,
          -0.11600665075234273,
          0.5213103975510212,
          -0.10227099770554693,
          -0.034295480436075554,
          -0.023424068954649435,
          -0.03351964887119285,
          -0.0552578744143748,
          0.44990807195892746,
          -0.20155763379797875,
          -0.1187043274778592,
          -0.1290516778902293,
          -0.09930727823866858
        ]
      ],
      [
        [
          0.7082729387699511,
          0.17671000171417717,
          0.41388350557752407,
          0.5355245633776207,
          0.49301604354090545,
          0.35603871059828984,
          0.042653431695026,
          0.3873294088935584,
          0.2508290435560596,
          0.18140706830682563,
          0.29774731548052724,
          0.10409353431953061,
          0.043885923512297254,
          -0.003791518859418197,
          0.03496361482935928,
          0.06474237422048379,
          0.3906819298574451,
          0.20115613437200786,
          0.3077905296023169,
          0.4666292363046911,
          0.0623594193247321,
          0.4387539972060144,
          0.6669053271493217,
          0.6724008979316398,
          0.575244171031958,
          0.45287193258923164,
          -0.028803136078882297,
          -0.015088979628484545,
          -0.10898705513962881,
          -0.13150643769093318,
          0.4540353672825299,
          -0.11152431311509181,
          -0.04626239563008916,
          -0.03562903066455769,
          -0.028500336662310666,
          -0.11592091461695819,
          0.5005991192938111,
          -0.14921458129266885,
          -0.20964716741450795,
          -0.14467849990848247,
          -0.11273187104437765
        ],
        [
          0.7083399046705414,
          0.13849288824125416,
          0.420256265754023,
          0.52282025276212,
          0.41509728617365704,
          0.21673606595971595,
          0.09709942635050828,
          0.36828284661184796,
          0.21542138660887433,
          0.22328404695442083,
          0.321160560465346,
          0.03948487955167934,
          0.06687235414492054,
          -0.03901102449295468,
          0.10929003492618694,
          0.055399373441619826,
          0.4400411200795751,
          0.15774249229897963,
          0.3107873660123741,
          0.43557908238526855,
          0.002498407090337551,
          0.4413599023026822,
          0.647036455021047,
          0.739224171978945,
          0.5343970027077458,
          0.542935533949727,
          -0.06832471439920695,
          0.045321270723929,
          -0.1413033463490505,
          -0.11600770236117786,
          0.521308403454765,
          -0.10227960542005388,
          -0.034287611722138234,
          -0.02341895692108764,
          -0.03350753129404538,
          -0.05525740817406399,
          0.44990660603724786,
          -0.20155878400158977,
          -0.11870640650137165,
          -0.12904872604250928,
          -0.09930681199835778
        ]
      ]
    ]
  },