{
  "iteration": 382,
  "latest_metrics": {
    "iteration": 382,
    "global_cost": 0.9995872476219846,
    "global_residual_l2": 0.9997936025110308,
    "consensus_error_l2": 0.0,
    "solution_error_l2": 1.0016789030320463,
    "relative_solution_error_l2": 1.0002857803568583,
    "tracked_cost": 0.9995872537450362,
    "alpha_grad_l2": 2.0543755389398266e-05,
    "beta_grad_l2": null,
    "alpha_step_l2": 0.0002989606162723126,
    "beta_step_l2": null
  },
  "alpha": {
    "real": [
      0.037476036478326175,
      2.7958769424599463,
      -1.0110752263882845,
      2.4376923005548274,
      -1.7116956919574635,
      -1.3370281089868308,
      -2.6118551882847294,
      -1.8229302983687057,
      -1.362478906301039,
      2.678056873774512,
      -1.7357958638556528,
      -0.6290913405777152,
      0.43957927250252204,
      2.0284192982524374,
      2.03585699453748,
      0.8573044603393929,
      0.9204757200727789,
      1.2273936519176143,
      -1.9692773626229523,
      -2.31970754593918,
      2.1029719808282206,
      -2.994097168909182,
      0.9339104652485846,
      0.8392244583280029,
      0.44076040493601365,
      -2.991946484659179,
      2.74403567821172
    ]
  },
  "beta": {
    "real": [
      1.0,
      -0.38357824185183453,
      0.2048005603199119,
      -3.121911911056897,
      -1.562834868189287,
      2.2524618491763704,
      -0.4693643021853866,
      1.481694438503907,
      2.651775738857321,
      -2.177285996526052,
      3.092955958040153,
      -1.9959682745613905,
      2.765310921122979,
      -2.5956903172544363,
      -0.19973796797372545,
      2.0671001072139363,
      -1.3756892043730253,
      2.3190703600666662,
      2.9934136197012613,
      2.1470502317308675,
      -0.32123664325924217,
      -0.8136195314684231,
      -0.108891138719728,
      -2.5623989128395945,
      -1.7173006985270234,
      0.22975244149469498,
      1.4654376838058498
    ]
  },
  "failed": 0,
  "error_message": null,
  "optimizer_state": {
    "step": 382,
    "y": {
      "real": [
        -1.5243513544274667e-06,
        -8.237425009251418e-06,
        -7.059576192069239e-06,
        -7.976060639951713e-06,
        -5.3846260058721156e-06,
        -4.459320072906725e-06,
        -2.144591973439017e-06,
        -4.100615108719527e-06,
        -1.0330693274939383e-06,
        1.6317639494571013e-06,
        4.276849854122631e-06,
        5.085797257903971e-06,
        3.395309475639751e-06,
        4.728443062357014e-06,
        2.6947662789913723e-06,
        2.3431655200824978e-06,
        -1.8615137676782453e-06,
        1.3335883213410713e-06,
        3.6823069786358206e-07,
        4.406728828181782e-06,
        -1.903043095785911e-07,
        -2.354457944844979e-07,
        -8.90949957867525e-08,
        1.612291232778946e-06,
        4.560556041966488e-06,
        8.581320328046262e-07,
        4.9505725966610455e-06
      ]
    },
    "a_alpha": {
      "real": [
        -1.5277995933338416e-06,
        -8.240902402019294e-06,
        -7.0613370727193184e-06,
        -7.976521768593717e-06,
        -5.38662833956244e-06,
        -4.4643407658367975e-06,
        -2.1442849281464443e-06,
        -4.106602811644761e-06,
        -1.0363862605612888e-06,
        1.636302124313925e-06,
        4.285973212682578e-06,
        5.085558534638096e-06,
        3.383556430107253e-06,
        4.72931320811221e-06,
        2.696141593664601e-06,
        2.3484296709847513e-06,
        -1.859214222131338e-06,
        1.3450192500091856e-06,
        3.6001084525127354e-07,
        4.418576149240641e-06,
        -1.95777138089682e-07,
        -2.3828642652989577e-07,
        -9.668810017900864e-08,
        1.6272215386877338e-06,
        4.569856068326285e-06,
        8.503507215690741e-07,
        4.947468774449618e-06
      ]
    },
    "b_alpha": {
      "real": [
        0.004243556188161522,
        5.91321012863631e-07,
        6.64754274831252e-07,
        6.245759450211473e-07,
        5.887541895027318e-07,
        5.760795097915595e-07,
        5.738821588595428e-07,
        5.736673111286407e-07,
        5.746761169871851e-07,
        5.818523150907188e-07,
        5.8341142847928e-07,
        5.854630871112295e-07,
        5.815056062595011e-07,
        5.840818537954447e-07,
        5.827137302285753e-07,
        5.79672296550913e-07,
        4.685076265749176e-07,
        5.873283098625532e-07,
        5.670308423231266e-07,
        5.834989702714621e-07,
        5.688392297749973e-07,
        5.791303397536284e-07,
        5.654463975268354e-07,
        5.726768436702944e-07,
        5.800475354849281e-07,
        5.708773931086704e-07,
        5.808970910130374e-07
      ]
    },
    "a_beta": {
      "real": [
        0.0,
        0.0,
        0.0,
        0.0,
        0.0,
        0.0,
        0.0,
        0.0,
        0.0,
        0.0,
        0.0,
        0.0,
        0.0,
        0.0,
        0.0,
        0.0,
        0.0,
        0.0,
        0.0,
        0.0,
        0.0,
        0.0,
        0.0,
        0.0,
        0.0,
        0.0,
        0.0
      ]
    },
    "b_beta": {
      "real": [
        0.0,
        0.0,
        0.0,
        0.0,
        0.0,
        0.0,
        0.0,
        0.0,
        0.0,
        0.0,
        0.0,
        0.0,
        0.0,
        0.0,
        0.0,
        0.0,
        0.0,
        0.0,
        0.0,
        0.0,
        0.0,
        0.0,
        0.0,
        0.0,
        0.0,
        0.0,
        0.0
      ]
    }
  }
}
