{
  "iteration": 200,
  "latest_metrics": {
    "global_cost": 0.00010395971977847362,
    "residual_norm_l2": 0.013593537701655502,
    "consensus_error_l2": 2.6555696291046622e-05,
    "row_variance_mse": 1.1018828210973552e-11,
    "relative_solution_error_l2": 0.019930900846907573,
    "iteration": 200,
    "elapsed_s": 3444.018415136263,
    "alpha_grad_l2": 0.0005952838331859789,
    "beta_grad_l2": 0.0001453082538808073,
    "alpha_step_l2": 0.0015927032882458638,
    "beta_step_l2": 0.00113625845654904
  },
  "alpha": {
    "real": [
      [
        [
          0.7081044813760932,
          0.12714526648414726,
          0.39537158204384415,
          0.4664048081873955,
          0.39960058758955475,
          0.23934440967191373,
          0.009895866747154702,
          0.33364077087191246,
          0.2169307487387142,
          0.20685303340525252,
          0.26370338403088844,
          0.03425484110612631,
          0.009079360094594868,
          -0.0670375958200169,
          0.04015439302983559,
          0.0030977989364795455,
          0.4064753318257255,
          0.17020387777235024,
          0.3242286196768114,
          0.41521000566743727,
          0.027456773295453374,
          0.4308343061847011,
          0.6816399622169458,
          0.7611972984237614,
          0.6099639065476548,
          0.5341339605016682,
          -0.07935757937858678,
          0.10540560837254409,
          -0.12574705611825943,
          -0.058505174613398214,
          0.558492934860642,
          -0.05499860501961207,
          -0.0141835327954416,
          -0.0023429216025583344,
          -0.011484005805174835,
          -0.0809784219200762,
          0.6102497425354425,
          -0.14949035725211823,
          -0.12587238188663807,
          -0.07362431142033143,
          -0.05661944756109971
        ],
        [
          0.7084366438569055,
          0.09866702326351318,
          0.38173423465759404,
          0.48930055420610286,
          0.393655539424425,
          0.26148170691810746,
          -0.017713297972575592,
          0.34202154780510785,
          0.23712018696322623,
          0.19176241400120508,
          0.28584068127708173,
          0.006645676386399568,
          0.01866829509354684,
          -0.08164452154888524,
          0.06627661140279617,
          0.010130369679409057,
          0.4100251750391033,
          0.17608415970883406,
          0.3059547641935336,
          0.4561883401420128,
          0.034489344038382,
          0.4343841493980798,
          0.6449733131521738,
          0.745837366589329,
          0.5889237539294712,
          0.5161656583444674,
          -0.07114907601653941,
          0.1451374278453934,
          -0.12801089324592896,
          -0.07058178538710314,
          0.5405246327034359,
          -0.046790101657568695,
          -0.005078752928496133,
          -0.0007482112031547139,
          -0.0199302809903128,
          -0.11073587270070284,
          0.6256670025482411,
          -0.1357148916001294,
          -0.13752795616519498,
          -0.07199322066009861,
          -0.08637689834173079
        ]
      ],
      [
        [
          0.7081085194333656,
          0.12714146391629821,
          0.39537851722384554,
          0.4664093886082581,
          0.39960139724589805,
          0.2393318316636579,
          0.009892609627207616,
          0.33364976389748646,
          0.21692611522628447,
          0.2068404194381901,
          0.2636908060226322,
          0.034251583986179224,
          0.009086886363373736,
          -0.06703587227919972,
          0.04017015485324782,
          0.0031091342581102133,
          0.40647354626670396,
          0.17018944915219114,
          0.3242139408706173,
          0.41520077568947267,
          0.02746810861708404,
          0.43083252062567956,
          0.6816422292044559,
          0.7611989589087393,
          0.6099649521961021,
          0.5341358479229625,
          -0.07934791835465482,
          0.10535652684209262,
          -0.12574465781960775,
          -0.05851213430904201,
          0.5584948222819364,
          -0.05498894399568055,
          -0.014180398344213252,
          -0.0023432558369669287,
          -0.011491759327738826,
          -0.08097845471744369,
          0.6102533177393994,
          -0.14949003323462895,
          -0.12587001339868475,
          -0.07362622118833828,
          -0.0566194803584672
        ],
        [
          0.7084424919947295,
          0.09867195761447745,
          0.3817227353832777,
          0.48928976682201997,
          0.3936533150823891,
          0.2615068247277086,
          -0.0177108136918962,
          0.3420071415823629,
          0.23711951100965978,
          0.19178642321462824,
          0.28586579908668286,
          0.006648160667078962,
          0.018664022021118498,
          -0.0816445134011552,
          0.06624150125793493,
          0.01010425696047701,
          0.41002831099412695,
          0.1760971911242737,
          0.30598763410337115,
          0.45619922310425354,
          0.03446323131944995,
          0.4343872853531039,
          0.6449684348160902,
          0.7458339801275216,
          0.5889206388932395,
          0.5161622579544778,
          -0.07115614464130138,
          0.1452083668529096,
          -0.12801468414030603,
          -0.07056795649515424,
          0.5405212323134463,
          -0.04679717028233066,
          -0.00508914108499825,
          -0.0007511443973027276,
          -0.019920091228512682,
          -0.11073440415635538,
          0.6256622753766341,
          -0.13571621779289877,
          -0.13753175388828653,
          -0.07198936727497074,
          -0.08637542979738333
        ]
      ]
    ]
  },