{
  "iteration": 1000,
  "latest_metrics": {
    "global_cost": 0.18587203488829676,
    "residual_norm_l2": 0.19286502228755317,
    "consensus_error_l2": 0.0076428028256061015,
    "row_variance_mse": 9.126942973608221e-07,
    "relative_solution_error_l2": 0.22304868436996206,
    "iteration": 1000,
    "elapsed_s": 16827.283589882776
  },
  "alpha": {
    "real": [
      [
        [
          -0.7742050317073652,
          -2.7561836382662817,
          -0.6841560634792492,
          -0.7800532718644071,
          -2.1733566669744016,
          -2.6332414035255294,
          -0.6159055955898038,
          -1.6985436787090384,
          -2.8390112488589216,
          -2.315582924075564,
          -1.82770482568202,
          -2.9519616713360457,
          0.048114140206771516,
          -1.9245794769033682,
          0.2622945052092387,
          0.2255130219611039,
          -1.8168774736015156,
          -0.6682197799876022,
          0.9656298271039772,
          0.875725316772372,
          1.031049599804632,
          -1.0113408957578303,
          0.4514809045123096,
          0.3257057927802336,
          0.7773891717271497,
          1.0483767320183395,
          -0.42605223857293284,
          -0.7588160870264029,
          1.5625335392797046,
          2.3080140216016414,
          1.8539133098619072,
          0.3794843392705465,
          1.143467843197894,
          2.555589550740021,
          0.8922475607892952,
          2.827473198682423,
          -1.562216278650544,
          2.3689659052286434,
          2.4487614831627074,
          -1.9574262641239122,
          -2.6501755306535095
        ],
        [
          -0.5041320220739158,
          -2.744607571314474,
          -0.10501612148114825,
          -0.10477805236831328,
          -0.008882628709085072,
          -2.767350000922909,
          -2.937913996606673,
          -1.6781746014550578,
          -1.5177399073238185,
          -1.8132784796935457,
          -1.961813423079425,
          -2.1323774187631295,
          -0.9841265441510032,
          -0.6007571141784105,
          -1.5099827001469408,
          -0.38593425141190796,
          -0.3701287678728655,
          -0.0020314056478820675,
          1.591213783033469,
          -1.19255621304771,
          0.4196023264315727,
          0.4354078099706693,
          -0.004767919867426862,
          1.5422826664527012,
          -0.015963792655732334,
          0.8932217154397311,
          0.35416790296161427,
          0.4564198149706451,
          1.5678061855568384,
          0.03298798636621658,
          1.6987582932832996,
          1.1597044808051526,
          -2.5267921464755627,
          1.5650040259166023,
          1.9632200348564908,
          3.0227465027051075,
          1.538263686208686,
          0.41039370307785017,
          0.5331704293110233,
          1.0218474976284337,
          0.6866904269588403
        ]
      ],
      [
        [
          -0.7746370280946684,
          -2.7564450391985624,
          -0.6845217801955936,
          -0.7800527414460303,
          -2.1733819759643866,
          -2.633019361433404,
          -0.6159108598220144,
          -1.6980471033646656,
          -2.8390389909412903,
          -2.3156454494901406,
          -1.8274827835898946,
          -2.9519669355682563,
          0.04840639136920544,
          -1.9240128193822836,
          0.2622113714038634,
          0.2254644513802475,
          -1.8167689896820218,
          -0.6680143923563922,
          0.9666259453796631,
          0.8753982572424013,
          1.0310010292237752,
          -1.0112324118383365,
          0.4506166069774058,
          0.32577199435660864,
          0.7774554542186225,
          1.0486964032261863,
          -0.4260059009291366,
          -0.7576405556529346,
          1.5627911538406405,
          2.3080217820311955,
          1.854232981069754,
          0.3795306769143427,
          1.1434932231893598,
          2.5553957049647096,
          0.8923291584080539,
          2.8275827737541004,
          -1.5621582736997337,
          2.3688777415781637,
          2.448617196793224,
          -1.957282569763288,
          -2.650065955581832
        ],
        [
          -0.4971412926454708,
          -2.744114456586209,
          -0.10387469778554337,
          -0.10246384953720833,
          -0.009282467105265813,
          -2.76837593000801,
          -2.937612567817072,
          -1.6802624716369874,
          -1.5165356114697714,
          -1.8136537394084247,
          -1.9628393521645262,
          -2.1320759899735284,
          -0.9872101836377238,
          -0.6033885513193114,
          -1.5102278234758741,
          -0.3855478054919139,
          -0.3721386164611733,
          -0.0024856653172049548,
          1.591249749208031,
          -1.1929546814848868,
          0.4199887723515672,
          0.43339796138236153,
          -0.004813020494573106,
          1.5422453171585975,
          -0.01639849317473363,
          0.8948242845841126,
          0.3545239366991759,
          0.4575988739785002,
          1.5680133818832278,
          0.03275261617747427,
          1.7003608624276811,
          1.1600605145427139,
          -2.5255738611064307,
          1.5644987113558653,
          1.9635998285035843,
          3.023056697836889,
          1.5398756633290045,
          0.4113228987725823,
          0.5343217699261857,
          1.0222294642304774,
          0.687000622090622
        ]
      ]
    ]
  },