{"alpha": [[[0.34683939814567566, 0.4232468605041504, -0.5508265495300293, -1.6589595079421997, 1.505714774131775, -0.5353732109069824, -2.2573208808898926, 0.21302814781665802, -0.5567166209220886, 0.3368206322193146, -2.290191173553467], [-0.6449614763259888, 0.26548659801483154, 1.8370112180709839, 0.1374875009059906, -0.34944599866867065, 1.8306829929351807, -1.4115302562713623, 1.299943208694458, -0.5777907371520996, -1.4663026332855225, 0.553868293762207]], [[0.34683918952941895, 0.4232468903064728, -0.5508248805999756, -1.6589581966400146, 1.505714774131775, -0.5353724360466003, -2.257319450378418, 0.21302993595600128, -0.5567150115966797, 0.3368193805217743, -2.290189743041992], [-0.6449598073959351, 0.26548779010772705, 1.837013602256775, 0.13748979568481445, -0.3494449853897095, 1.8306844234466553, -1.4115307331085205, 1.299942970275879, -0.577789843082428, -1.4663022756576538, 0.5538675785064697]]], "beta": [[[2.2311837673187256, -0.41403090953826904, -1.3672924041748047, -0.2761622369289398, -2.80312442779541, -2.49284291267395, -1.9915956258773804, -2.529963493347168, 0.4509445130825043, -2.3204686641693115, 2.2471933364868164], [-2.751404047012329, 1.9067362546920776, 2.2626326084136963, -1.6162827014923096, 2.1376874446868896, 3.1378204822540283, 0.09760536998510361, 0.2310386747121811, 1.761216402053833, 3.084181785583496, -2.027569055557251]], [[2.3749899864196777, -0.6706395745277405, 1.1034557819366455, 0.2460344433784485, 1.05669105052948, 2.4534401893615723, 1.6916369199752808, -1.3105206489562988, -0.5941722989082336, -2.3799214363098145, 1.2503280639648438], [-2.467317819595337, 1.6789582967758179, -1.0439015626907349, -2.6974470615386963, -2.6626672744750977, 0.5551612973213196, -3.1676347255706787, 2.8358211517333984, -2.499053716659546, -2.924266815185547, 1.7343599796295166]]], "sigma": [[4.826892836717889e-05, 0.003671314800158143], [4.778818765771575e-05, 0.0036731851287186146]], "lambda": [[8.920598702388816e-06, 2.1523253963096067e-05], [1.1142341463710181e-05, -1.1321939382469282e-05]], "b_norm": [[0.3535533845424652, 0.3535533845424652], [0.3535533845424652, 0.3535533845424652]], "summary": {"sigma_min": 4.778818765771575e-05, "sigma_max": 0.0036731851287186146, "sigma_mean": 0.0018601391930133104, "sigma_l2": 0.005193789955228567, "lambda_min": -1.1321939382469282e-05, "lambda_max": 2.1523253963096067e-05, "lambda_mean": 7.566063686681446e-06, "lambda_l2": 2.8198681320645846e-05, "alpha_l2": 7.81593656539917, "beta_l2": 13.398818016052246}}