{"alpha": [[[0.332646906375885, -0.31523704528808594, -0.406278133392334, -1.6773964166641235, 2.207522392272949, -1.2594709396362305, -2.607931613922119, 0.0821632668375969, -2.3069229125976562, -1.6851234436035156, -2.6288492679595947], [-1.170994520187378, -2.1047282218933105, 0.36935460567474365, 2.653541088104248, -2.320014476776123, 2.921359062194824, -1.972424864768982, 2.2063236236572266, -2.905214548110962, -1.9659978151321411, 1.9306631088256836]], [[0.18529243767261505, 1.2041113376617432, -0.6083402037620544, -1.4777318239212036, 0.7891914248466492, 0.13829664885997772, -2.702528238296509, 0.2957327365875244, 1.5562266111373901, 2.927367687225342, -1.9850308895111084], [-0.002208779565989971, 2.4413444995880127, 3.1396028995513916, -1.9804649353027344, 1.3366498947143555, 0.6254966855049133, -1.3647621870040894, 0.25376296043395996, 1.7735178470611572, -0.8843914866447449, -0.5174580812454224]]], "beta": [[[2.2270944118499756, -0.5035895705223083, -1.3236982822418213, -0.21864216029644012, -2.861039161682129, -2.420684576034546, -1.9901578426361084, -2.2465579509735107, 0.6618157625198364, -2.488504648208618, 2.041520118713379], [-3.0532777309417725, 1.5837821960449219, 2.185464382171631, -1.6791898012161255, 1.8373572826385498, 3.124677896499634, 0.35668042302131653, 0.5047668218612671, 1.6002875566482544, 2.9311418533325195, -2.066459894180298]], [[2.2708349227905273, -0.6021538972854614, 0.8211612105369568, 0.08485789597034454, 1.2990974187850952, 2.4900434017181396, 1.7881402969360352, -1.2129368782043457, -0.6373420357704163, -2.366680860519409, 1.1326813697814941], [-2.1855595111846924, 1.8911080360412598, -1.1832517385482788, -2.78711199760437, -2.7195098400115967, 0.37978464365005493, -2.9623348712921143, 3.1148884296417236, -2.454557418823242, -2.9318413734436035, 1.9152047634124756]]], "sigma": [[1.9735990762710571, 0.8548262119293213], [1.2086544036865234, 0.2371150404214859]], "lambda": [[1.5817744731903076, 1.1754015684127808], [1.4130088090896606, 0.5645791292190552]], "b_norm": [[0.3535533845424652, 0.3535533845424652], [0.3535533845424652, 0.3535533845424652]], "summary": {"sigma_min": 0.2371150404214859, "sigma_max": 1.9735990762710571, "sigma_mean": 1.0685486793518066, "sigma_l2": 2.478485345840454, "lambda_min": 0.5645791292190552, "lambda_max": 1.5817744731903076, "lambda_mean": 1.1836909055709839, "lambda_l2": 2.4897637367248535, "alpha_l2": 11.758307456970215, "beta_l2": 13.308320045471191}}