{
  "iteration": 1000,
  "latest_metrics": {
    "iteration": 1000,
    "global_cost": 0.00013317860495942746,
    "global_residual_l2": 0.011540303507128969,
    "consensus_error_l2": 0.0,
    "solution_error_l2": 0.013544343754451947,
    "relative_solution_error_l2": 0.013525506448057886,
    "tracked_cost": 0.0001331786049616479,
    "alpha_grad_l2": 3.99323135612964e-09,
    "beta_grad_l2": null,
    "alpha_step_l2": 6.502265169084897e-09,
    "beta_step_l2": null
  },
  "alpha": {
    "real": [
      [
        [
          1.0010115506354338,
          -8.09086131425829e-12,
          2.664436671295789e-09,
          -4.735332126415415e-10,
          -9.008194190585073e-10,
          9.842731074627409e-10,
          4.090529248657049e-09,
          2.013017308399867e-09,
          -7.350045017062712e-10,
          3.659540670497563e-09,
          2.7007507341636483e-09,
          -1.6235435218447947e-09,
          -2.3940285309720366e-09,
          1.1504930341743602e-10,
          0.008543605129899934,
          7.213341035594567e-12,
          3.388533897918933e-11,
          -1.4964873784606425e-10,
          8.449241306607291e-12,
          -1.532241000745671e-11,
          -4.749933779635285e-11,
          5.983080697546939e-11,
          -1.0684697571150537e-10,
          8.96869245536891e-11,
          -7.229816745280004e-11,
          4.136335718385453e-11,
          0.008543605129914145
        ]
      ]
    ]
  },
  "beta": {
    "real": [
      [
        [
          0.9999999999999999,
          2.0567028183423686,
          -1.6384425032355252,
          -1.7294114671544816,
          -1.50483141386432,
          0.8414588934539999,
          0.12871565747406866,
          1.0783424407392985,
          0.7224308723074992,
          0.21057181237528066,
          0.28403814525037063,
          -0.16976049772313528,
          0.8684602112115103,
          -1.1297159617807546,
          -0.42185882617831627,
          0.2429388530987353,
          1.8014208584493332,
          -0.7644641157203993,
          -1.0790604591369424,
          -0.563287198504038,
          0.9692722011381631,
          -0.23500550689182598,
          1.3243470192369573,
          -1.872529517606024,
          1.1285231419004784,
          1.0348662399295385,
          -1.4186656898014849
        ]
      ]
    ]
  },
  "failed": 0,
  "error_message": null,
  "optimizer_state": {
    "step": 1000,
    "y": {
      "real": [
        [
          [
            -7.105427357601002e-15,
            -2.1145013069411216e-13,
            1.3351706430338549e-09,
            -4.840991229608506e-10,
            -8.563950548322065e-10,
            -4.707652556288904e-10,
            1.8540276653847857e-09,
            5.719805437140743e-10,
            -2.997815438409717e-10,
            1.6295647721035557e-09,
            1.185297243614758e-09,
            -6.300348862789507e-10,
            -1.031179189597733e-09,
            6.637580879128769e-11,
            1.891624389227619e-17,
            4.3041127987218313e-13,
            1.860867446230067e-11,
            -4.307693632811649e-11,
            1.7523657948375554e-11,
            9.286056938295386e-12,
            1.3145449536723744e-12,
            4.493949610822869e-11,
            -2.339550302716214e-11,
            3.678562535681931e-11,
            -2.0522024988602753e-11,
            7.276026148740806e-12,
            -8.103779416199455e-17
          ]
        ]
      ]
    },
    "a_alpha": {
      "real": [
        [
          [
            1.6197814201972823e-16,
            3.7739273414482386e-11,
            -2.2867939433448687e-10,
            3.4500874650386266e-10,
            -1.9318953444964665e-10,
            -1.1249791663992226e-10,
            -1.7340330129753061e-10,
            -3.573095288557544e-10,
            3.4667880755945116e-11,
            3.440471588740336e-11,
            1.0668638437568893e-10,
            -2.7760095560185027e-10,
            7.96938595971233e-11,
            1.8178473156477956e-11,
            -6.6422670972062e-18,
            -1.6542209868937985e-12,
            8.785634115465144e-13,
            1.4398450798453196e-11,
            2.3093446925408587e-13,
            3.094561748473471e-12,
            3.7547021889917583e-13,
            -4.154805465678265e-12,
            3.690499156622251e-12,
            1.4989603178071075e-11,
            2.9386349464495926e-12,
            -3.1348665108049974e-12,
            -2.7063724401252376e-17
          ]
        ]
      ]
    },
    "b_alpha": {
      "real": [
        [
          [
            0.004867660213888791,
            6.856581272533166e-07,
            7.992470507801176e-07,
            1.1250279845566088e-05,
            0.0011191180211010245,
            0.00013613474447918047,
            1.8695344953207725e-05,
            7.309072296650743e-06,
            7.830400478907923e-06,
            1.0357348922910838e-05,
            5.574868438599965e-06,
            2.343828378125552e-05,
            9.915055415624016e-08,
            2.2914286460392504e-06,
            3.326015658766158e-05,
            5.789238627892109e-07,
            1.2725241049733184e-06,
            1.1332952382546932e-05,
            3.884793664281472e-05,
            7.757801023363323e-07,
            4.446723665239938e-05,
            2.3210354062069356e-05,
            1.3782107800063072e-05,
            6.0297935753269e-06,
            9.437021687599745e-07,
            6.698679736306632e-05,
            3.156300691236748e-05
          ]
        ]
      ]
    },
    "a_beta": {
      "real": [
        [
          [
            0.0,
            0.0,
            0.0,
            0.0,
            0.0,
            0.0,
            0.0,
            0.0,
            0.0,
            0.0,
            0.0,
            0.0,
            0.0,
            0.0,
            0.0,
            0.0,
            0.0,
            0.0,
            0.0,
            0.0,
            0.0,
            0.0,
            0.0,
            0.0,
            0.0,
            0.0,
            0.0
          ]
        ]
      ]
    },
    "b_beta": {
      "real": [
        [
          [
            0.0,
            0.0,
            0.0,
            0.0,
            0.0,
            0.0,
            0.0,
            0.0,
            0.0,
            0.0,
            0.0,
            0.0,
            0.0,
            0.0,
            0.0,
            0.0,
            0.0,
            0.0,
            0.0,
            0.0,
            0.0,
            0.0,
            0.0,
            0.0,
            0.0,
            0.0,
            0.0
          ]
        ]
      ]
    }
  }
}
