{
  "iteration": 1859,
  "latest_metrics": {
    "iteration": 1850,
    "global_cost": 1.000807677713704,
    "global_residual_l2": 1.0004037573468547,
    "consensus_error_l2": 0.0,
    "solution_error_l2": 1.1509024573077435,
    "relative_solution_error_l2": 1.14930179635207,
    "tracked_cost": 1.0008076777136998,
    "alpha_grad_l2": 6.014904351928355e-06,
    "sigma_grad_l2": 0.002847622708145118,
    "alpha_step_l2": 2.1320247118148433e-05,
    "sigma_step_l2": 0.00026477573756655826,
    "beta_grad_l2": 0.0,
    "lambda_grad_l2": 0.0,
    "lr": 0.008311797136318877
  },
  "params": {
    "alpha": {
      "real": [
        [
          1.570438524271716,
          -1.5199446565119727,
          3.004111271250853,
          2.6389381589063285,
          1.596229534614161,
          1.637427013069643,
          1.478450782311202,
          1.3477924079991164,
          1.505241536791508,
          1.6224869164548714,
          1.63299194019889,
          -1.7809028209407014,
          1.5223267385868402
        ],
        [
          1.5708274943737122,
          1.5704639020792506,
          -1.5743761323850043,
          1.5373230028057678,
          1.5707640403487328,
          -1.5708113599457503,
          1.5707945460754074,
          -1.5707967023546496,
          -1.5707964228558904,
          1.5707963476278524,
          1.570796610085841,
          -1.5707965650594915,
          -1.5707983091028892
        ],
        [
          1.570795279739344,
          -3.0042088575494934,
          0.5520626368415673,
          1.495547734602975,
          1.5541819121154754,
          -1.5285263182424318,
          -1.743649489587516,
          1.5863321250710243,
          -1.4691830962762678,
          -1.5586089099079043,
          1.4110516559849353,
          1.5692839752150416,
          1.671529428456756
        ]
      ]
    },
    "beta": {
      "real": [
        [
          -0.8934991306479332,
          0.4494351814662769,
          -1.119227624750593,
          0.5925045642173261,
          -1.0184338063523257,
          -0.6809779034588956,
          2.452166074285545,
          -1.714319399486589,
          0.7740076575247476,
          -2.613708681215308,
          2.0900648210551056,
          1.803891867329022,
          -1.6375900863887145
        ],
        [
          2.3655201874146226,
          -2.7735988378314134,
          -1.0297068772769085,
          -2.1973589152253594,
          -0.31202696181443246,
          1.8618603012298394,
          -1.6924249148248358,
          -2.8147331790815286,
          -0.5997184776306979,
          -1.8942984090457529,
          -2.5713744507739276,
          0.5047432673232595,
          -1.2648295005505765
        ],
        [
          1.0806756900855436,
          -1.8880001474933032,
          2.7778786000458915,
          -0.8475378089720196,
          -2.478746263017324,
          0.8112104407914167,
          2.683891211730887,
          -0.37462138546202794,
          2.856276310741155,
          -0.0006546219069853976,
          -0.4698024057459014,
          0.75532339542836,
          3.1107830873305495
        ]
      ]
    },
    "sigma": 0.5648812507436056,
    "lambda": 0.9200902786181921
  },
  "failed": 0,
  "error_message": null,
  "optimizer_state": {
    "step": 1859,
    "m_alpha": {
      "real": [
        [
          1.5809702449142347e-10,
          8.822851664121469e-07,
          1.9200265368059027e-07,
          -1.7003041544732255e-06,
          1.941151798708961e-08,
          2.3545699316334733e-07,
          -6.276880373183222e-07,
          -1.4120400990802806e-06,
          -2.3131236228196654e-07,
          6.411261458825163e-07,
          1.61091054620979e-07,
          -2.6117864063432526e-06,
          2.5194064593047604e-08
        ],
        [
          1.1723741879680483e-10,
          -3.132451183824377e-09,
          9.394403388338392e-09,
          1.5480881688819974e-07,
          3.180525535938599e-09,
          -6.1926093528295e-11,
          -3.3534413753429054e-10,
          -2.4343595130440286e-10,
          -6.016916038679478e-12,
          -2.0550206174155384e-12,
          -1.7438868964556474e-11,
          2.1993380385077723e-11,
          2.543055294280911e-10
        ],
        [
          -2.39749384577541e-11,
          -5.7124540849283364e-08,
          3.116868080076058e-06,
          -1.0416946446615437e-08,
          -1.5213709371645456e-07,
          3.136257938786926e-07,
          -2.563058005011858e-06,
          9.940865594668933e-08,
          1.7326092970349874e-06,
          9.79578298127817e-08,
          -1.0865294621474223e-06,
          -2.676902894543311e-08,
          1.4662222508636395e-06
        ]
      ]
    },
    "v_alpha": {
      "real": [
        [
          1.1473559457225108e-05,
          6.729591842391275e-06,
          1.111424279182657e-05,
          7.924065165791893e-06,
          3.969063484128948e-06,
          2.3927618856523833e-05,
          9.561067665759325e-06,
          8.116037608887949e-07,
          7.260594244809236e-06,
          2.4436255484841447e-06,
          2.6317898084932074e-07,
          1.1177229401317529e-05,
          6.498900302418819e-06
        ],
        [
          5.63896277350686e-05,
          7.644747234748058e-06,
          2.309744310053641e-06,
          3.0368341326111733e-06,
          2.100565867624106e-05,
          1.0986237290620248e-06,
          2.0899166235417028e-05,
          1.6932340074246558e-05,
          1.5737068838323515e-06,
          5.313362383164734e-06,
          2.2143148519115916e-06,
          6.254462066523505e-06,
          1.120906416426834e-05
        ],
        [
          3.0923855883604062e-06,
          9.96637750936756e-07,
          2.652064095949402e-05,
          9.986029634820366e-07,
          9.979011982959469e-06,
          2.388668971242268e-06,
          2.6778004458552486e-06,
          1.3424570519810541e-06,
          1.78571104968123e-05,
          9.764652828126822e-08,
          1.9363908423754836e-06,
          7.3460976226862414e-06,
          1.8588716918210858e-05
        ]
      ]
    },
    "m_sigma": 0.002848950435646474,
    "v_sigma": 0.006737790513294563
  }
}
