{
  "iteration": 222,
  "latest_metrics": {
    "iteration": 222,
    "global_cost": 0.9995721451749329,
    "global_residual_l2": 0.9997860497001008,
    "consensus_error_l2": 0.0,
    "solution_error_l2": 1.0017062603940474,
    "relative_solution_error_l2": 1.000313099670577,
    "tracked_cost": 0.9995721556631618,
    "alpha_grad_l2": 3.292273006509487e-05,
    "beta_grad_l2": null,
    "alpha_step_l2": 0.0003561728259118455,
    "beta_step_l2": null
  },
  "alpha": {
    "real": [
      0.03819988482122204,
      3.0338962826404723,
      -0.6951957119400918,
      2.722519484275022,
      -1.4555836932595587,
      -1.0686445352960678,
      -2.3581241415857934,
      -1.5375590786402724,
      -1.1036367417593698,
      3.000139379332362,
      -1.3870708298828558,
      -0.297278740710472,
      0.7533263801783967,
      2.347243161493221,
      2.3546576624318742,
      1.1414055057390868,
      1.0721407732070434,
      1.5414355978403735,
      -1.642640641454551,
      -1.9861286073141344,
      2.3730732802081604,
      -2.6943519647034777,
      1.2142143327163941,
      1.138072039430094,
      0.7832757767899743,
      -2.717756414343508,
      3.0767631958378985,
      -0.3140574000583434,
      0.29136166666669183,
      -3.0564559450856246,
      -1.5171892565439575,
      2.3209297275654013,
      -0.38871215545258275,
      1.5466974908121482,
      2.7121006520353053,
      -2.103639528313154,
      -3.101826543664425,
      -1.9405914299832527,
      2.8078724633684304,
      -2.516931778751044,
      -0.13684063622781695,
      2.1269146918468778,
      -1.3059317331560143,
      2.402197704958791,
      3.070541026085573,
      2.1914830937226872,
      -0.24671992015810584,
      -0.7334605650675794,
      -0.04478903238124543,
      -2.4990303460193886,
      -1.6395068448242018,
      0.29487494330950303,
      1.5433220668025962,
      -0.24501415241036506,
      -1.154154273623499,
      2.8749285189367297,
      1.6312761892161962,
      -0.14364422285126555,
      -0.20427147794502876,
      1.598594942823448,
      2.299275597409956,
      -1.2471926128445592,
      1.5160222646182495,
      2.0109683693613,
      2.4837128177455394,
      -2.954483482911876,
      0.142693453419783,
      0.7869706017733988,
      -1.327502128255325,
      -0.24305850109023552,
      0.26728108945678297,
      -3.1182313021639825,
      -3.007035820766966,
      -1.816418467395555,
      -1.4426415838553668,
      -0.9346640259083716,
      -2.740813123202962,
      -1.001374832446447,
      -1.8222143928824042,
      2.1438020402342914,
      0.9437031204766919,
      -2.537447807808644,
      -1.6782268797724957,
      1.205221915079738,
      -2.2145855850591096,
      2.954722745013271,
      -2.2180165599820025,
      1.959335558415452,
      0.05682039970637076,
      -1.1484814548670934,
      -1.5773453742947297,
      2.5322734060041414
    ]
  },
  "beta": {
    "real": [
      1.0,
      -0.7694608390264475,
      -2.661900033693854,
      -2.9291779225061245,
      -0.24119060973568596,
      2.348805217571191,
      -0.9386482510576615,
      2.0327395766661134,
      2.809834653447999,
      -2.7203634502265706,
      -1.2702081723258236,
      0.7487107472273098,
      -1.245594805467972,
      -2.0430000008682128,
      -0.028241691367120847,
      1.6372121104375523,
      1.176599189657983,
      -1.582390189281885,
      0.7668413686385893,
      -1.1582694551554829,
      -1.399790534077173,
      2.700922776536604,
      -1.384843766707172,
      2.8201135749861406,
      -1.8722802001213898,
      0.41141301294399435,
      -0.7520776122252575,
      1.9358916616487685,
      -2.3401493212642164,
      2.8358500375074502,
      1.4377646890929459,
      -2.0386109025531214,
      1.2111411046165088,
      -2.558305562793368,
      0.3543815195988418,
      -2.4976030121790345,
      -2.867059921751611,
      -0.6742454317791986,
      1.20042807072869,
      1.4261412615858333,
      1.0620568563811652,
      0.5752553572578849,
      2.381330696996539,
      0.2366100116946499,
      -2.526956401897615,
      -2.2538048114813996,
      2.904591464716713,
      1.8730420710093458,
      -3.0991574520816174,
      2.801116541703909,
      0.9765489059678183,
      2.580407250281608,
      -2.18287496075115,
      0.5568932850155437,
      0.023659960173811,
      -2.0495186117553663,
      -2.746692582550051,
      1.0338876714611667,
      -2.941126017651221,
      -1.6452168860900387,
      0.09694737250802765,
      0.6431331481394844,
      -1.3637054816066658,
      2.155949394431052,
      2.480008265981186,
      1.4023518409647124,
      2.680038753895931,
      -2.770902094682093,
      -2.826506848946986,
      -2.3632308900385635,
      -2.374538617080402,
      0.19572215426428974,
      2.595822874909305,
      -1.9951169819781776,
      3.088177475640924,
      2.387012822504987,
      -1.1124025582459738,
      -1.93952062274534,
      -0.01968877375836353,
      -1.1661257617679475,
      -2.9511828687634223,
      -2.5596218840335725,
      0.5593313480813746,
      0.8421879927333173,
      2.9301288120608664,
      -3.04810083947533,
      1.4649873878395825,
      0.8348019409100322,
      0.010586671353344013,
      -2.3817258764007656,
      2.2490057750706,
      1.2717850351217272
    ]
  },
  "failed": 0,
  "error_message": null,
  "optimizer_state": {
    "step": 222,