{
  "iteration": 3,
  "latest_metrics": {
    "global_cost": 2.4024043983597165,
    "residual_norm_l2": 1.3657092220839482,
    "consensus_error_l2": 0.03528995399995971,
    "row_variance_mse": 1.945907583311363e-05,
    "relative_solution_error_l2": 1.755458966794444,
    "iteration": 3,
    "elapsed_s": 46.959951896220446
  },
  "alpha": {
    "real": [
      [
        [
          0.9438030117691741,
          0.30282047349490027,
          -0.33693258158174766,
          2.6278042005656896,
          -1.7675242664782638,
          0.9412504533289514,
          0.002990237789064931,
          -1.3729094299262605,
          -1.537746509656434,
          1.4692362472794613,
          -1.3600938516406182,
          -1.6516405645550705,
          -0.9418034683190055,
          1.3867147804791387,
          1.5060238274466666,
          2.03352111095717,
          -1.0099451263981902,
          1.4771157803806565,
          -0.4695852798558806,
          -1.0075823411303793,
          -0.008119126192277282,
          -0.24551705742093866,
          1.1922588962185445,
          0.8095374061447007,
          1.844762589412852,
          -2.636651022404388,
          2.2052883204307694,
          -0.23510688050794126,
          -0.5762266625377572,
          -0.35859526021186827,
          0.21750245390285805,
          0.9269446097194294,
          0.2552774875245114,
          1.1708145225164124,
          -0.16320500502740476,
          -2.008419374535408,
          0.6500972381778203,
          -1.8729496688203273,
          2.1520299074087488,
          0.0694112247361236,
          -0.8789681340270104
        ],
        [
          0.9427991757572706,
          -0.2307294133051454,
          -0.8403830408791699,
          -0.9332128252953167,
          -1.3896278347672433,
          0.25711236487419464,
          -1.617592459230874,
          0.9717510202216966,
          0.1123660280556642,
          0.049781652245729724,
          0.5959321715090935,
          0.8924924634825544,
          0.4263547799648171,
          -1.2334489614480095,
          -0.26531178656117627,
          0.06228681187764229,
          0.7924861317250964,
          -0.4851677396176233,
          1.1091031782984961,
          2.8835683040908684,
          -2.7467375798419877,
          -2.0766500975479363,
          -0.5287140669092847,
          -2.195106250414811,
          -2.2498184418064997,
          -0.3388191201359856,
          -0.10121541358581343,
          0.4772007879409621,
          0.27670218747573117,
          0.866205428464002,
          0.26796367275217214,
          0.3460311503687432,
          0.14050446586394028,
          -2.069922142322735,
          1.2372777716505894,
          -1.0450049350339454,
          1.6296809643477737,
          -1.11071411787149,
          0.8099162613652333,
          -1.0345953175415663,
          2.5136513259052613
        ]
      ],
      [
        [
          0.9455181648056082,
          0.30578657634906037,
          -0.335547911561191,
          2.635742875836952,
          -1.7694710101755975,
          0.9397055018810203,
          0.0050069781445110095,
          -1.3708088319364902,
          -1.547381426984445,
          1.4734031056930483,
          -1.3616388030885493,
          -1.6496238241996246,
          -0.9491346998232029,
          1.390129529607572,
          1.5071705000401572,
          2.037582168388634,
          -1.0002526278977975,
          1.4740142933296045,
          -0.45852231358768014,
          -1.0033255036743944,
          -0.0040580687608131605,
          -0.23582455892054588,
          1.1914164491945582,
          0.8074525552584468,
          1.8451530549925153,
          -2.6369647867192207,
          2.207295987707642,
          -0.23573476859734566,
          -0.5752288861988033,
          -0.36093035968439224,
          0.21718868958802506,
          0.9289522769963021,
          0.26095253232030435,
          1.1734367682342732,
          -0.16400123116557452,
          -2.013993821484546,
          0.656245663069583,
          -1.8655092453668363,
          2.15997883350862,
          0.05917538133778377,
          -0.8845425809761482
        ],
        [
          0.942213798930362,
          -0.22466733126608984,
          -0.8398082877496984,
          -0.9310418317295559,
          -1.3825704816046103,
          0.2548408127612918,
          -1.6134966710878147,
          0.9744736812247812,
          0.11470199596347896,
          0.04581662264510822,
          0.5936606193961911,
          0.8965882516256141,
          0.42975041598985353,
          -1.2321546434754096,
          -0.2666146783708139,
          0.05856790618797669,
          0.7980421966422577,
          -0.4804213937194395,
          1.1140134614832364,
          2.8893666237190105,
          -2.7504564855316533,
          -2.071094032630775,
          -0.5268901649683375,
          -2.191257194979729,
          -2.256783760625533,
          -0.33660816612882405,
          -0.08876938073927354,
          0.47887762183888993,
          0.2787123500410771,
          0.8574193099630407,
          0.2701746267593337,
          0.3584771832152831,
          0.15149196529358377,
          -2.067682643825864,
          1.2396391959045214,
          -1.0396058496296474,
          1.6316428186991088,
          -1.1164527844622336,
          0.8048632149470314,
          -1.0270186356746533,
          2.519050411309559
        ]
      ]
    ]
  },