{
  "iteration": 200,
  "latest_metrics": {
    "global_cost": 8.134511495255792e-05,
    "residual_norm_l2": 0.0124024529621121,
    "consensus_error_l2": 1.9116133968098687e-05,
    "row_variance_mse": 5.709790279473381e-12,
    "relative_solution_error_l2": 0.01957545373914389,
    "iteration": 200,
    "elapsed_s": 3437.2773354128003,
    "alpha_grad_l2": 0.0005484786778142451,
    "beta_grad_l2": 0.00010231688632012481,
    "alpha_step_l2": 0.0015129558520041695,
    "beta_step_l2": 0.0016425125522863992
  },
  "alpha": {
    "real": [
      [
        [
          0.7083361200406856,
          0.2733567581256571,
          0.5001700114561469,
          0.562894859663313,
          0.4607568386775638,
          0.37650595489852634,
          0.0693696724774262,
          0.31793480725829015,
          0.17531610927941577,
          0.2287499792906953,
          0.30691459373899344,
          0.01933456495224206,
          -0.007297538247659219,
          0.014606357882211984,
          0.0705406236176973,
          0.11276536668352977,
          0.3831059944035795,
          0.2053213501371154,
          0.29284070989131283,
          0.3852879426011806,
          0.05102731088957935,
          0.4062218705086007,
          0.6722734168472195,
          0.711783563373531,
          0.6237273025420298,
          0.37694452034931025,
          -0.034986608521219154,
          -0.014835448778217852,
          -0.12529000867890439,
          -0.12459177710764635,
          0.46325252082778157,
          -0.07364300542194568,
          -0.028188869919999693,
          -0.03716822845072132,
          -0.04888057592796091,
          -0.18266089426513776,
          0.4805236092780296,
          -0.24829875145306168,
          -0.08119332158200976,
          -0.0495842059190883,
          -0.14850692216258166
        ],
        [
          0.708263263120106,
          0.18225113844009755,
          0.4391610256597991,
          0.5819899057609437,
          0.4755261996134119,
          0.30966141816054593,
          -0.02620081650630013,
          0.40293001241374826,
          0.24520732947483959,
          0.18637476103221973,
          0.31990713909878865,
          0.04970274386945084,
          0.04764135673158609,
          -0.07649337569804482,
          0.029357888686722067,
          0.05914190860002355,
          0.45120022890162836,
          0.11581052557665217,
          0.339561978926024,
          0.5094839782229581,
          -0.02580141366947153,
          0.36443915837598695,
          0.5982571350733794,
          0.6358257108769707,
          0.5256963116656279,
          0.4869623983152853,
          -0.08746559109321295,
          0.1115985296537847,
          -0.12465502232991854,
          -0.08901543638430454,
          0.5053111696808221,
          -0.07394110582071178,
          -0.021636187448185407,
          0.007908316955138606,
          -0.00960633697429758,
          -0.12480347169281591,
          0.5591515820470976,
          -0.15527084093646737,
          -0.14393319877785382,
          -0.1640270184983148,
          -0.01719170210106835
        ]
      ],
      [
        [
          0.7083367893825699,
          0.2733564458584916,
          0.500173097424514,
          0.5628978910097944,
          0.4607573301435406,
          0.37649720612535287,
          0.06936514736679911,
          0.31793762424062777,
          0.17531367077556537,
          0.22874021975961023,
          0.30690584496581996,
          0.019330039841614965,
          -0.007286127640909523,
          0.014611112495206857,
          0.07055238801836339,
          0.11278211132335869,
          0.38310789376588694,
          0.20531338460229032,
          0.2928325704385042,
          0.3852799558604909,
          0.05104405552940827,
          0.40622376987090814,
          0.6722746737596816,
          0.711784532550475,
          0.6237272500358801,
          0.3769452999224314,
          -0.034977810496849226,
          -0.014866362450939086,
          -0.12528638912603185,
          -0.12459357079970701,
          0.46325330040090273,
          -0.07363420739757576,
          -0.02819490671412206,
          -0.037177065324417224,
          -0.048890331361656436,
          -0.1826624347656991,
          0.4805246734885893,
          -0.2483009068025761,
          -0.08119452881416533,
          -0.0495878745145526,
          -0.148508462663143
        ],
        [
          0.7082617798192979,
          0.18225270180221909,
          0.43915581389589375,
          0.5819813552704916,
          0.47552341435498047,
          0.3096821362203701,
          -0.026202625677393954,
          0.40292174161518846,
          0.24522819847611688,
          0.18640920229064406,
          0.3199278571586128,
          0.04970093469835701,
          0.04762770696005614,
          -0.07650330521451076,
          0.02932336019540749,
          0.0591226855147835,
          0.45120300022309445,
          0.11582077059209972,
          0.3395907995311367,
          0.509497534275376,
          -0.02582063675471158,
          0.36444192969745304,
          0.598253513448614,
          0.6358226226921406,
          0.525693632310392,
          0.486958846100634,
          -0.08747389017396356,
          0.11165036039027187,
          -0.12466286172331564,
          -0.08900761110031752,
          0.5053076174661708,
          -0.0739494049014624,
          -0.021637541306912755,
          0.007905053356915825,
          -0.009589228866428101,
          -0.12480117124511203,
          0.5591493161546581,
          -0.1552723286550961,
          -0.14393582894978652,
          -0.16402137344348278,
          -0.017189401653364467
        ]
      ]
    ]
  },