{
  "iteration": 1000,
  "latest_metrics": {
    "iteration": 1000,
    "global_cost": 0.00013317860495920542,
    "global_residual_l2": 0.01154030350712903,
    "consensus_error_l2": 0.0,
    "solution_error_l2": 0.013544343754452084,
    "relative_solution_error_l2": 0.013525506448058047,
    "tracked_cost": 0.00013317860496142586,
    "alpha_grad_l2": 3.870821604178431e-09,
    "beta_grad_l2": null,
    "alpha_step_l2": 5.4473982886189505e-09,
    "beta_step_l2": null
  },
  "alpha": {
    "real": [
      [
        [
          1.001011550635428,
          5.366160849007429e-10,
          3.0026638953017937e-09,
          2.6485356130478976e-09,
          4.174007806057034e-10,
          1.6234347199883814e-09,
          -3.5010394583423476e-09,
          1.9000454543061096e-09,
          -1.134328186935818e-10,
          -4.01283761775062e-09,
          2.645401231404776e-09,
          -2.1842807562677535e-09,
          -1.273874339347003e-10,
          4.094355965378327e-10,
          0.008543605129900822,
          4.4153569689342476e-11,
          -7.171774285552601e-11,
          3.243871837810275e-10,
          -9.984413296137973e-11,
          -1.3356427075450483e-11,
          -9.422151947546809e-11,
          1.128057647292735e-10,
          2.9757085684423146e-11,
          -9.82720571585105e-11,
          1.007105510097972e-11,
          5.123013124830322e-12,
          0.008543605129914145
        ]
      ]
    ]
  },
  "beta": {
    "real": [
      [
        [
          0.9999999999999999,
          -0.1747720920551621,
          -0.4221904115763535,
          0.21364299749861093,
          0.21732193102256359,
          2.1178387550510482,
          -1.1120207626922811,
          -0.37760500712699807,
          2.0427716074923303,
          0.6467029962018467,
          0.6630633723762616,
          -0.5140063716874628,
          -1.6480751708556527,
          0.16746474422274105,
          0.10901408782154753,
          -1.2273520542445742,
          -0.6832266617805622,
          -0.07204367972722725,
          -0.9447516230607773,
          -0.0982699678522172,
          0.09548302746945447,
          0.0355862370554858,
          -0.5062916583143147,
          0.5937480717858228,
          0.891166954282328,
          0.32084830456656377,
          -0.8182302273903073
        ]
      ]
    ]
  },
  "failed": 0,
  "error_message": null,
  "optimizer_state": {
    "step": 1000,
    "y": {
      "real": [
        [
          [
            -1.7763568394002505e-15,
            3.1351656685713123e-10,
            1.5047554152691696e-09,
            1.0104697903098567e-09,
            -5.486990474183042e-10,
            2.0947443741164726e-10,
            -1.555545578244537e-09,
            1.1800144302169002e-09,
            1.2705391542075414e-09,
            -1.8774273804137426e-09,
            8.366741780650741e-10,
            -9.983162209702165e-10,
            1.3419186839592458e-09,
            3.896762606554997e-10,
            -4.5095218903275766e-17,
            2.567965333051267e-11,
            -5.83172630390527e-12,
            1.1888481349113054e-10,
            -4.474777731717538e-11,
            1.2410601042196293e-11,
            -4.569706547339575e-11,
            2.4501792026213476e-11,
            2.0896438630776873e-11,
            -5.894070822488297e-11,
            1.4739724843722345e-11,
            -4.436516216493822e-12,
            -1.2420891085223227e-16
          ]
        ]
      ]
    },
    "a_alpha": {
      "real": [
        [
          [
            8.746428537433596e-16,
            -1.6574521634265776e-12,
            -7.200914290223213e-11,
            -2.456714130776169e-10,
            2.3140165021766286e-10,
            1.729796430821554e-10,
            3.3805988332652695e-10,
            9.422369563496956e-11,
            1.0033960897540364e-10,
            -3.0606094750316785e-10,
            -1.4352374607501377e-10,
            -4.161225511209083e-10,
            5.840644595846526e-11,
            1.2703789330017327e-11,
            1.009631449875674e-17,
            -7.970722130260386e-13,
            5.540535361692027e-12,
            -1.7590789824495326e-11,
            -1.4606757005964503e-13,
            4.169011407268647e-13,
            3.750242548819131e-12,
            1.6228446992629433e-11,
            -5.067185860863557e-13,
            2.1427925729474215e-12,
            -4.983335365489597e-12,
            -1.0956971703786847e-11,
            1.907019850542439e-17
          ]
        ]
      ]
    },
    "b_alpha": {
      "real": [
        [
          [
            0.0035413551504290676,
            6.1669952318146955e-06,
            2.170811451412878e-06,
            1.5708654072502083e-06,
            2.560764643057433e-05,
            9.265522395826355e-06,
            3.3116786318583655e-06,
            5.461246140180282e-06,
            4.167151486685586e-05,
            3.465126853053669e-06,
            3.352839624342221e-06,
            0.0003360862909579054,
            1.990601304167709e-05,
            5.181246568252091e-07,
            1.3019061268535311e-06,
            2.6785959425094288e-05,
            2.7121251316085266e-05,
            1.445442736598357e-06,
            5.321921058433918e-06,
            4.106307952956279e-05,
            7.2283996688763566e-06,
            6.254524138511789e-07,
            2.5121774271522198e-05,
            1.5443583556428475e-05,
            4.384473880373851e-06,
            0.0009003231307156745,
            7.838782787137896e-05
          ]
        ]
      ]
    },
    "a_beta": {
      "real": [
        [
          [
            0.0,
            0.0,
            0.0,
            0.0,
            0.0,
            0.0,
            0.0,
            0.0,
            0.0,
            0.0,
            0.0,
            0.0,
            0.0,
            0.0,
            0.0,
            0.0,
            0.0,
            0.0,
            0.0,
            0.0,
            0.0,
            0.0,
            0.0,
            0.0,
            0.0,
            0.0,
            0.0
          ]
        ]
      ]
    },
    "b_beta": {
      "real": [
        [
          [
            0.0,
            0.0,
            0.0,
            0.0,
            0.0,
            0.0,
            0.0,
            0.0,
            0.0,
            0.0,
            0.0,
            0.0,
            0.0,
            0.0,
            0.0,
            0.0,
            0.0,
            0.0,
            0.0,
            0.0,
            0.0,
            0.0,
            0.0,
            0.0,
            0.0,
            0.0,
            0.0
          ]
        ]
      ]
    }
  }
}
