{
  "iteration": 217,
  "latest_metrics": {
    "iteration": 216,
    "global_cost": 0.982390361247074,
    "global_residual_l2": 0.9911560731020486,
    "consensus_error_l2": 0.0,
    "solution_error_l2": 0.9974918367355187,
    "relative_solution_error_l2": 0.9961045373805415,
    "tracked_cost": 0.9833695886976184,
    "alpha_grad_l2": 0.11208047244986671,
    "beta_grad_l2": null,
    "alpha_step_l2": 0.049629784284104424,
    "beta_step_l2": null
  },
  "alpha": {
    "real": [
      0.1147477992847143,
      2.152385004424829,
      -0.016178400821353467,
      2.245247361166898,
      -1.4264313608740926,
      -1.8697807628739398,
      -2.4695926897128815,
      2.8572172367955595,
      -0.2723839032724453,
      1.9659396422292934,
      -0.44143476958326033,
      0.2395270672484533,
      -0.3655260828995641,
      2.5044809645184394,
      2.206591918281802,
      1.1345808894517848,
      0.6420870790569833,
      0.5875301203127359,
      -2.312148353769687,
      -1.7526579008732261,
      2.0591789784930388,
      -2.4883119912222367,
      0.18700746572838423,
      1.262780537689216,
      0.20438621854625483,
      2.5689701018760562,
      -2.6418123753834672,
      -0.5857660788583061,
      -0.33494494070012193,
      -2.5854796014132573,
      -2.0639312528910887,
      1.4720601912751157,
      -0.5911896028858799,
      1.1138133942776651,
      1.8203644141555095,
      -1.2749289557966308,
      -2.4467283971083607,
      -3.103701616461946,
      -2.8863830383592477,
      -2.6815653008068066,
      0.039287406601658414,
      1.5708463284085363,
      -1.8068251584613517,
      1.3871501815487708,
      1.646415540820036,
      3.043041535933508,
      -0.055053907101156874,
      -0.3327956952918498,
      -0.8385098390835921,
      -2.2625060422032655,
      -2.5498908325775296,
      -0.44939530718377707,
      1.257658373025043,
      -2.328045316536454,
      -1.5963453388251596,
      -2.8954108856079257,
      1.9991058049367298,
      -1.6661538218337064,
      -1.0715535110184913,
      2.168340050656682,
      1.1789070884819592,
      -2.072919092748735,
      0.7135348353558575,
      2.4805066967436975,
      1.4979991117567018,
      -2.8619680333580866,
      -0.061731710687978225,
      0.7711685519225631,
      -1.9557840170797398,
      0.0809505675148614,
      0.6414666128075188,
      -2.3859617054724227,
      -2.8081606250730027,
      -1.2325871584302546,
      -2.328306723196895,
      -0.22915235242324217,
      -2.2562376043386863,
      -0.9023807260905752,
      -2.5776272622845138,
      1.55016536035337,
      1.3365909444835369,
      -2.4939996802938036,
      -1.3186547714450725,
      0.9310095044669549,
      -1.4853903962540105,
      3.038054351693118,
      2.5474878911884664,
      -2.974462127499573,
      -0.9087449135938868,
      -1.4243079265614098,
      -1.9013590725703091,
      2.4067911574287724
    ]
  },
  "beta": {
    "real": [
      1.0,
      -0.7694608390264475,
      -2.661900033693854,
      -2.9291779225061245,
      -0.24119060973568596,
      2.348805217571191,
      -0.9386482510576615,
      2.0327395766661134,
      2.809834653447999,
      -2.7203634502265706,
      -1.2702081723258236,
      0.7487107472273098,
      -1.245594805467972,
      -2.0430000008682128,
      -0.028241691367120847,
      1.6372121104375523,
      1.176599189657983,
      -1.582390189281885,
      0.7668413686385893,
      -1.1582694551554829,
      -1.399790534077173,
      2.700922776536604,
      -1.384843766707172,
      2.8201135749861406,
      -1.8722802001213898,
      0.41141301294399435,
      -0.7520776122252575,
      1.9358916616487685,
      -2.3401493212642164,
      2.8358500375074502,
      1.4377646890929459,
      -2.0386109025531214,
      1.2111411046165088,
      -2.558305562793368,
      0.3543815195988418,
      -2.4976030121790345,
      -2.867059921751611,
      -0.6742454317791986,
      1.20042807072869,
      1.4261412615858333,
      1.0620568563811652,
      0.5752553572578849,
      2.381330696996539,
      0.2366100116946499,
      -2.526956401897615,
      -2.2538048114813996,
      2.904591464716713,
      1.8730420710093458,
      -3.0991574520816174,
      2.801116541703909,
      0.9765489059678183,
      2.580407250281608,
      -2.18287496075115,
      0.5568932850155437,
      0.023659960173811,
      -2.0495186117553663,
      -2.746692582550051,
      1.0338876714611667,
      -2.941126017651221,
      -1.6452168860900387,
      0.09694737250802765,
      0.6431331481394844,
      -1.3637054816066658,
      2.155949394431052,
      2.480008265981186,
      1.4023518409647124,
      2.680038753895931,
      -2.770902094682093,
      -2.826506848946986,
      -2.3632308900385635,
      -2.374538617080402,
      0.19572215426428974,
      2.595822874909305,
      -1.9951169819781776,
      3.088177475640924,
      2.387012822504987,
      -1.1124025582459738,
      -1.93952062274534,
      -0.01968877375836353,
      -1.1661257617679475,
      -2.9511828687634223,
      -2.5596218840335725,
      0.5593313480813746,
      0.8421879927333173,
      2.9301288120608664,
      -3.04810083947533,
      1.4649873878395825,
      0.8348019409100322,
      0.010586671353344013,
      -2.3817258764007656,
      2.2490057750706,
      1.2717850351217272
    ]
  },
  "failed": 0,
  "error_message": null,
  "optimizer_state": {
    "step": 217,