{
  "iteration": 75,
  "latest_metrics": {
    "iteration": 70,
    "global_cost": 0.5647537055859501,
    "global_residual_l2": 0.9447853749132035,
    "consensus_error_l2": 0.0015832737324753892,
    "solution_error_l2": 0.9786518452216775,
    "relative_solution_error_l2": 0.9772907482947437,
    "tracked_cost": 0.5738550892769724,
    "alpha_grad_l2": 0.095109916411406,
    "beta_grad_l2": 0.8569973790426036,
    "alpha_step_l2": 0.09462661928078235,
    "beta_step_l2": 0.024946332606532676
  },
  "alpha": {
    "real": [
      [
        [
          0.22602735287784323,
          0.14067428166727813,
          0.2592104151790773,
          -0.04408246920145409,
          0.015256422193740349,
          0.022686782788092774,
          0.1539280608371416,
          -0.08676002280921935,
          -0.03704865791723444,
          0.25418994783926596,
          0.06895075361960235,
          -0.09555120846386167,
          -0.18620882077046685,
          0.5906236836801204,
          -0.06869588242353197,
          -0.5161987296356516,
          0.4361440090467159,
          -0.040417515548138994,
          0.008072301923989222,
          -0.30339393573519713,
          0.09709174846859003,
          -0.30892273595022557,
          0.3865584324198834,
          -0.131033064696088,
          0.6356063780272745,
          -0.5114538145651464,
          -1.4495191374906624,
          -0.7162363722526783,
          -0.10786201107985116,
          0.9119350596080213,
          0.02518027247284005,
          0.5749684516924991,
          -0.08858055444708146,
          -0.47328383934553964,
          0.1662961340111404,
          0.33327556819691884,
          0.3968322298264222,
          -0.3233566011637423,
          -0.49543563568898197,
          0.14741145280102685,
          0.0508580502061422,
          -0.15972148875178283,
          -0.5981876090485811,
          0.1517007209810819,
          -0.3725806647250396,
          -0.1070277512233,
          0.4124562394581144,
          -0.3876348228584061,
          0.10751436093151634
        ],
        [
          0.210942813937981,
          0.21475744638006278,
          0.2800687955068244,
          -0.2235224078730389,
          0.05244515052366028,
          0.20922279821000123,
          -0.37157990624240034,
          0.8417865464930165,
          -0.3069721202611184,
          -0.1978370038204793,
          -0.5201638902165264,
          -0.36143537899705036,
          0.06645515313724415,
          -0.7812323452636019,
          -0.04147048231054029,
          -1.2360252647318772,
          -0.23539364937194884,
          0.2987306987316285,
          -0.5942613403024808,
          0.0017709109641526055,
          0.011969165600861142,
          -0.5561162122529621,
          0.39672106834349385,
          1.5730323898388248,
          -0.12945418256418817,
          -0.9221278736842358,
          -0.0023252132700171124,
          0.4587342994663306,
          0.2756666280857427,
          -0.40884864793493936,
          -0.19635040416715732,
          -1.20899164769425,
          0.3967260871927212,
          -0.20307033099952543,
          -0.775109123224694,
          -0.20947599339827772,
          -0.024193032905647005,
          0.33209184255898494,
          0.2665152556141499,
          -0.6143183737527993,
          1.1483943326941883,
          0.39870859561704686,
          -0.7229656310281514,
          -0.3997185799239982,
          -0.0655595115684755,
          -1.080732822303232,
          -0.1816236595007652,
          0.052487081531412905,
          -0.15011762619535673
        ]
      ],
      [
        [
          0.22537375111039776,
          0.14216319865785065,
          0.2554900343206361,
          -0.0432120790390913,
          0.01743524132640406,
          0.02264624581776875,
          0.15318044907703587,
          -0.08461911407784717,
          -0.03841412166552205,
          0.25355538881490647,
          0.06920708400965259,
          -0.09453887038567554,
          -0.18602294067168668,
          0.5877373291895363,
          -0.06638150967109047,
          -0.5151156373458816,
          0.4381153798075159,
          -0.0411601988614847,
          0.007565605085049221,
          -0.30215616835439674,
          0.09977161391596301,
          -0.30741297714749605,
          0.38591467783712163,
          -0.1319170070831417,
          0.635017259012649,
          -0.5143401690557305,
          -1.4485526060631781,
          -0.7163570125479879,
          -0.10665462130666148,
          0.9114748599960762,
          0.025674150701273657,
          0.5750046738350738,
          -0.08728816001311479,
          -0.4734423227152589,
          0.1653674410567354,
          0.33306616419140056,
          0.39624311081179675,
          -0.322851608433683,
          -0.49498696755246296,
          0.14835657706663063,
          0.053623126140852406,
          -0.15913049973330828,
          -0.5970803465418788,
          0.15395063190218883,
          -0.37196764040254715,
          -0.10499245911390931,
          0.4121156231848926,
          -0.3881724598600451,
          0.10768588842336779
        ],
        [
          0.21123495260842146,
          0.21571409513600726,
          0.2809121351599826,
          -0.22340298696363892,
          0.052477779744315,
          0.2092858789429548,
          -0.37188107192408637,
          0.8432806671374511,
          -0.30783132883636544,
          -0.19810264400377386,
          -0.5218158614680815,
          -0.3617995375992318,
          0.06693030437356295,
          -0.7814652699084723,
          -0.041596191031951335,
          -1.2361739766622715,
          -0.23538818485515023,
          0.2987041438889553,
          -0.5954130295713527,
          0.0018971954050663875,
          0.01244265347089879,
          -0.5566028529363574,
          0.3937463272092012,
          1.5737880076846373,
          -0.12762566240263862,
          -0.9223607983291062,
          -0.0018302620126253721,
          0.458498474465991,
          0.2756617591797257,
          -0.4086611748275235,
          -0.19650763855597164,
          -1.2091189482290288,
          0.3971442247290251,
          -0.20289322997114345,
          -0.7749520952589211,
          -0.21032648587596148,
          -0.022364512744097453,
          0.33276996270333825,
          0.2661308998015701,
          -0.6165392962141305,
          1.1488312519375254,
          0.39931877471494737,
          -0.7224845072495736,
          -0.3993100143616988,
          -0.06550508919311993,
          -1.080653898914183,
          -0.18285700643776126,
          0.052764576356504556,
          -0.1505824251846266
        ]
      ]
    ]
  },