{
  "iteration": 86,
  "latest_metrics": {
    "iteration": 80,
    "global_cost": 0.4844261605776059,
    "global_residual_l2": 0.9210302853662025,
    "consensus_error_l2": 0.0015536512218409931,
    "solution_error_l2": 0.9672052354436317,
    "relative_solution_error_l2": 0.9658600583205268,
    "tracked_cost": 0.4890653240048346,
    "alpha_grad_l2": 0.07620832533007156,
    "beta_grad_l2": 0.42737795222854535,
    "alpha_step_l2": 0.056605282917908874,
    "beta_step_l2": 0.03929469526530734
  },
  "alpha": {
    "real": [
      [
        [
          0.4040941296074901,
          -0.2815035990588277,
          -0.04948385880687134,
          -0.5688873029169383,
          -1.0211607564320255,
          -0.41880709730947574,
          0.6435370185271134,
          -0.23465849828137753,
          0.5520590503892167,
          0.4286574585270313,
          0.63098117639611,
          0.6254220911343475,
          -0.7758236003805901,
          0.998247076470129,
          -0.4576143574233953,
          0.5304427642844192,
          -0.14219543533769663,
          1.0283046594048395,
          -1.298936008146016,
          0.7863136159180053,
          -0.5208845276572225,
          -0.3144391114906231,
          0.9489056692575737,
          0.14613673189633403,
          -0.13574525561423023,
          -0.6512587344806535,
          0.05251592526746407,
          0.498356744885434,
          -0.09956623411740262,
          -0.13364802787138386,
          -0.6995151987397596,
          -0.003643460019364664,
          0.09624130995434532,
          -0.4940365196676417,
          0.06033914938015528,
          0.2705170283176024,
          0.12359391493895622,
          0.09029131087524567,
          0.036423266788008224,
          -0.4881637384225139,
          -0.5488006206255855,
          1.255234483306813,
          0.6696167326065985,
          -0.15983649156054103,
          -0.3946067072424051,
          -0.13477302368531374,
          0.6429447858250432,
          -0.2210599133196518,
          0.6465010261185835
        ],
        [
          0.18900713134830147,
          -1.9755107994752186,
          1.0712907605198385,
          0.35614808165643064,
          -0.3218215318208921,
          -0.5368635217543982,
          1.1874586588814644,
          -0.80791540539723,
          0.9296196245429167,
          1.0532377042696233,
          -0.12034715682131925,
          -0.5442923867119678,
          -0.7270269758438053,
          0.7509675699360274,
          0.39707549822213206,
          0.19187864260715148,
          0.02794043932603918,
          0.2267057006230675,
          -0.4428015824778697,
          -0.6296501716952831,
          -2.088526344106345,
          0.7881898564801402,
          -0.12198544977183934,
          0.7432951275549162,
          0.731271806464485,
          0.25768498211566504,
          0.08881031708850262,
          -0.5099798427125446,
          -0.7876604054027605,
          -0.6394845726435041,
          0.5366583499412609,
          0.5931935462208795,
          0.26100143837404266,
          -1.1976682581396854,
          -0.09447777792896117,
          -0.23226906085198795,
          0.7774061979927254,
          -0.2236341376461124,
          -1.0026953037637103,
          -1.1751354276432786,
          0.38499100414356846,
          0.8645718098452937,
          0.07401159187030615,
          1.3157581879902702,
          -0.2568058053400759,
          0.5463853015235767,
          -1.6084703028463485,
          -0.32182321007937364,
          0.16046396634579319
        ]
      ],
      [
        [
          0.4039907304431557,
          -0.2794682067473846,
          -0.049391891904956076,
          -0.5675425030301144,
          -1.0213241053312219,
          -0.419329910159965,
          0.6424147902569262,
          -0.23457677582418057,
          0.550934492313349,
          0.42764445402148077,
          0.6313455784914108,
          0.6236164493576868,
          -0.7764984072316792,
          0.9988537594454581,
          -0.45735314586294873,
          0.5302715208388866,
          -0.1422409433404912,
          1.0296318192925433,
          -1.2976955282087979,
          0.7864587478818592,
          -0.5212456448338281,
          -0.3156103550156426,
          0.9486581006223309,
          0.14491202867049902,
          -0.13663429015067274,
          -0.650652051505324,
          0.05332585320095573,
          0.4983459016346732,
          -0.09961560620207255,
          -0.13344395758077576,
          -0.6968734918231037,
          -0.0038342232046275626,
          0.09661416357826358,
          -0.4938880164125954,
          0.06063726211914977,
          0.2699387444172716,
          0.1227048804025137,
          0.09029120664712975,
          0.03961843265133025,
          -0.48779492398543267,
          -0.5484771314153152,
          1.2542592630034974,
          0.6687883882419143,
          -0.15960316398373342,
          -0.3941741167289998,
          -0.13411252705349952,
          0.6427742244761192,
          -0.22205685980006207,
          0.6464258514834658
        ],
        [
          0.1893155724335288,
          -1.9755001735067743,
          1.071362061267644,
          0.3559426550576692,
          -0.32166688746769534,
          -0.5367513695260402,
          1.1871570695746625,
          -0.8078094813984658,
          0.9296734510257973,
          1.0524417077244905,
          -0.12009609971181545,
          -0.5441322745978456,
          -0.7272134342468775,
          0.7509424811913274,
          0.3971755595180051,
          0.19224854037487038,
          0.028091919403649523,
          0.22651509985726248,
          -0.44358097289877874,
          -0.6296177764842459,
          -2.0884676378057656,
          0.7892320413352687,
          -0.12218691393185122,
          0.7433837495577453,
          0.7311644480777817,
          0.2576598933709646,
          0.08888067231536656,
          -0.510324341611319,
          -0.7876241238460695,
          -0.6391267808719334,
          0.5361333150908276,
          0.5931309053939273,
          0.2609270930726968,
          -1.1971948352575201,
          -0.0946502369719906,
          -0.23246902566300953,
          0.7772988396060221,
          -0.22364194661445813,
          -1.002383314654931,
          -1.1749224284818027,
          0.38485914608070804,
          0.8637419181517982,
          0.0743304313564277,
          1.3146344212889618,
          -0.2570725328958985,
          0.5460635500414188,
          -1.608440818674656,
          -0.3217238382733729,
          0.1606126932997478
        ]
      ]
    ]
  },