{
  "iteration": 1,
  "latest_metrics": {
    "global_cost": 3.173647382687394,
    "residual_norm_l2": 1.4113682444931002,
    "consensus_error_l2": 0.14471155646528033,
    "row_variance_mse": 0.0003272099152281878,
    "relative_solution_error_l2": 1.8090745175767362,
    "iteration": 1,
    "elapsed_s": 18.927830385044217
  },
  "alpha": {
    "real": [
      [
        [
          0.9800000102279542,
          0.33032706766033115,
          -0.29851503228615384,
          2.6475786198837525,
          -1.766223760483215,
          0.9557655283176123,
          0.013704182017004296,
          -1.347466478232552,
          -1.5598526857317965,
          1.468103509278051,
          -1.3455787766519578,
          -1.6409266203271313,
          -0.9546409808137106,
          1.402015806684215,
          1.5438725316293862,
          2.034470204006311,
          -1.00179076052064,
          1.4531536618696013,
          -0.4335949092912563,
          -1.0049412072907495,
          -0.007170033143136134,
          -0.23736269154338885,
          1.1929684615814535,
          0.7735172776234607,
          1.880190791999814,
          -2.648815292967005,
          2.1943487847057233,
          -0.2474972008465377,
          -0.5671821764138087,
          -0.3704049773311895,
          0.20533818334024145,
          0.9160050739943832,
          0.23031849830884177,
          1.1725184922943601,
          -0.19840402751045172,
          -1.9830790532490523,
          0.6770702671120143,
          -1.8567849494323239,
          2.160210298804369,
          0.0693378063970429,
          -0.8536278127406547
        ],
        [
          0.980000095109676,
          -0.26890419625570194,
          -0.8734873576164981,
          -0.9259650600195366,
          -1.363641366630623,
          0.3044765740440063,
          -1.6484222084814149,
          0.9193533648865433,
          0.11088626598249718,
          0.018606558397498585,
          0.6432963806789056,
          0.861662714232013,
          0.43746800813452236,
          -1.2214785775246724,
          -0.299066157695854,
          0.05056847671056319,
          0.7841269130218218,
          -0.4894432555364654,
          1.129793004925964,
          2.9105445873346003,
          -2.758455915009067,
          -2.085009316251211,
          -0.565952431055587,
          -2.2013128246418145,
          -2.279879475039828,
          -0.3257565717461057,
          -0.08869560529642673,
          0.5116431941003761,
          0.2739117703449123,
          0.8384311238717239,
          0.281026221142052,
          0.3585509586581299,
          0.15845949596916187,
          -2.104150497756674,
          1.2273135880774575,
          -1.0212093900340191,
          1.671679059741023,
          -1.1169158800464332,
          0.8123580387629707,
          -1.0046934726621615,
          2.537446870905188
        ]
      ],
      [
        [
          0.9800045902385924,
          0.2903322345838859,
          -0.29851445617474326,
          2.607579080613874,
          -1.766223436227217,
          0.9557660817523761,
          0.013699823316774218,
          -1.3874635510509614,
          -1.519853377613535,
          1.4681030237421986,
          -1.3455782232171947,
          -1.6409309790273612,
          -0.95461955722608,
          1.4420128821320182,
          1.5438729538039224,
          1.9944714038864593,
          -1.0017918197353595,
          1.4531526563314543,
          -0.47359350151370316,
          -1.0449406353274102,
          -0.04716883326298804,
          -0.2373637507581079,
          1.232967158473948,
          0.7735041798109972,
          1.8401919437069614,
          -2.688634828476214,
          2.194351660996448,
          -0.2474938113143721,
          -0.5671874333480744,
          -0.3704040871604617,
          0.16551864783103243,
          0.916007950285108,
          0.23031788061785496,
          1.1725179658748974,
          -0.19840408743148297,
          -1.9830784602158489,
          0.6370752889748328,
          -1.8967813293558147,
          2.1202114712506432,
          0.06933807931509994,
          -0.8536272197074513
        ],
        [
          0.9800000117562975,
          -0.2289052052282905,
          -0.8734882246843201,
          -0.9659631098467214,
          -1.3636440787452844,
          0.26447823465988174,
          -1.6484216513901093,
          0.9593512587186206,
          0.11088582203869857,
          0.018607078025513868,
          0.603298041294781,
          0.8616632713233185,
          0.3974684996622395,
          -1.261478221505782,
          -0.2990654712667218,
          0.09056727031647593,
          0.8241261442925394,
          -0.4894436928474821,
          1.08979410338352,
          2.9105437312177784,
          -2.7184571214031545,
          -2.0450100849804933,
          -0.5659517303719759,
          -2.2013136086653002,
          -2.23988074058999,
          -0.36575439300750867,
          -0.1286894967147103,
          0.511642207935374,
          0.2739116160160724,
          0.8384313867268367,
          0.2410283998806486,
          0.31855706723984634,
          0.158457314659461,
          -2.1041488413040286,
          1.2273133940808991,
          -1.0612088830935735,
          1.6316795325848066,
          -1.1169144493424623,
          0.8123645016378758,
          -1.004694278048163,
          2.497447377845633
        ]
      ]
    ]
  },