{
  "alpha": [
    [
      [
        [
          1.5107521165889866,
          1.6324035800759964,
          1.592036869090704,
          1.5708207244687782,
          1.573153725939528,
          1.5870201907342676,
          1.6038897671074794,
          1.6219820581048612,
          1.5092685682737865,
          1.6177966229478855,
          1.54329831756923,
          1.5809323817326355,
          1.5534544768062
        ]
      ]
    ]
  ],
  "beta": [
    [
      [
        [
          1.5929568143564048,
          1.605737786711776,
          1.494839789111034,
          1.6395171227681482,
          1.572116564959529,
          1.6060846041323837,
          1.5744128357449623,
          1.537253009716681,
          1.528635041102727,
          1.5811577594515303,
          1.486034126320092,
          1.6002222148492262,
          1.6190621844656483
        ]
      ]
    ]
  ],
  "sigma": [
    [
      0.9909587210837955
    ]
  ],
  "lambda": [
    [
      -0.04977608340554741
    ]
  ],
  "b_norm": [
    [
      1.0
    ]
  ],
  "summary": {
    "sigma_min": 0.9909587210837955,
    "sigma_max": 0.9909587210837955,
    "sigma_mean": 0.9909587210837955,
    "sigma_l2": 0.9909587210837955,
    "lambda_min": -0.04977608340554741,
    "lambda_max": -0.04977608340554741,
    "lambda_mean": -0.04977608340554741,
    "lambda_l2": 0.04977608340554741,
    "alpha_l2": 5.686422573868605,
    "beta_l2": 5.670855698529385
  }
}