{
  "iteration": 41,
  "latest_metrics": {
    "global_cost": 0.5409826256695265,
    "residual_norm_l2": 0.8282494598346913,
    "consensus_error_l2": 0.008408298512350502,
    "row_variance_mse": 1.1046794355124323e-06,
    "relative_solution_error_l2": 0.9467526048426465,
    "iteration": 41,
    "elapsed_s": 698.9384593800642
  },
  "alpha": {
    "real": [
      [
        [
          0.3943529477275655,
          0.3134146433354328,
          -0.7110075272837189,
          2.7237534143377715,
          -1.983301666845498,
          1.2638505245818656,
          0.051329739085397286,
          -1.7079626832751085,
          -1.0470897214094776,
          1.4660632442616368,
          -1.0374937803877051,
          -1.6033010632587388,
          -0.6866573590361602,
          0.9182977067920346,
          1.5066243294825892,
          1.957335065900689,
          -1.4788437688750373,
          1.7004959636932178,
          -1.0217247404112535,
          -0.5941101482804698,
          -0.08430517124876058,
          -0.7144156998977857,
          1.3310528554231897,
          1.41359376363486,
          1.4221855776636705,
          -2.16114924267323,
          2.481071889199045,
          -0.06113069106099012,
          -1.0102175702175815,
          0.06700660358279364,
          0.6930042336340185,
          1.2027281784877104,
          0.7569065494736962,
          0.7262707093480443,
          0.4546246411543451,
          -1.9785994774878592,
          0.27127317053051003,
          -1.8708543413448493,
          2.104778561898023,
          0.04608610543317582,
          -0.8491482369794592
        ],
        [
          0.4611983761075421,
          0.08108560138456156,
          -0.4392612497704822,
          -0.7414424694504254,
          -1.7181050016115393,
          0.15932220359506788,
          -1.1946796498598682,
          1.3975028992805427,
          0.3089758033536918,
          0.03878447919643424,
          0.49814201022996807,
          1.3154052728535595,
          0.6044656946660405,
          -1.1971325468911167,
          -0.16849197220212853,
          -0.06301723742441823,
          0.907802535127467,
          -0.32837288481808447,
          1.3194788873051007,
          2.503174254726652,
          -2.8720416291440496,
          -1.9613336941455646,
          -0.38556409272112857,
          -2.175008216567425,
          -2.3464001929361222,
          -0.0707170542415354,
          0.11202675331590273,
          0.05434380699471353,
          0.22955805091594472,
          0.9859118100767867,
          0.5360657386466214,
          0.5592733172704603,
          0.5023215545841531,
          -2.1131944404131198,
          1.553280613389095,
          -1.042424841431461,
          1.6630951349376009,
          -1.2775470008377001,
          0.7498964637940873,
          -1.2214556330010897,
          2.516231419507747
        ]
      ],
      [
        [
          0.3921583777010312,
          0.3171906828468716,
          -0.710888451476678,
          2.7234905109340497,
          -1.9870927316894567,
          1.26883006762667,
          0.054152442923238286,
          -1.7088526472535364,
          -1.045556546999027,
          1.4694045247573388,
          -1.0325142373429,
          -1.6004783594208978,
          -0.6873599461708979,
          0.9178715048121244,
          1.5089176583166655,
          1.9535208579411876,
          -1.4830300772376253,
          1.700481402044395,
          -1.023013015183587,
          -0.5915773946854537,
          -0.08811937920826196,
          -0.7186020082603739,
          1.3333335571155924,
          1.41573710849109,
          1.4207186904132172,
          -2.1594864918462604,
          2.480081549625229,
          -0.061821897544888316,
          -1.010583723027505,
          0.06787717386491021,
          0.6946669844609881,
          1.2017378389138944,
          0.7587470741468119,
          0.7246399086763442,
          0.45585578567782115,
          -1.9761060876243455,
          0.2690879073679593,
          -1.8743795639894993,
          2.107152920036305,
          0.042620113808374605,
          -0.8466548471159454
        ],
        [
          0.46281342504087414,
          0.08218696910724743,
          -0.43949982970655643,
          -0.7415571921804132,
          -1.7138472514101624,
          0.1570099123605826,
          -1.1936265858821091,
          1.3970003740062005,
          0.3042933974576423,
          0.03942656841745862,
          0.4958297189954828,
          1.3164583368313183,
          0.6051402497339948,
          -1.1975996459557081,
          -0.16847883413475184,
          -0.06293877649098079,
          0.9129267267915795,
          -0.32696131873626433,
          1.31970011047503,
          2.5088395206774425,
          -2.871963168210612,
          -1.956209502481452,
          -0.3852035259661908,
          -2.174451271711673,
          -2.3492541260060107,
          -0.07183998402347536,
          0.11476288612388119,
          0.05575029459645231,
          0.23028533872792112,
          0.9853670974044082,
          0.5349428088646819,
          0.5620094500784383,
          0.5015251284161293,
          -2.1104333976070153,
          1.5491948372713686,
          -1.0420843429052375,
          1.6671292688870851,
          -1.2807027333678833,
          0.7458365818327675,
          -1.221291818839403,
          2.5165719180339696
        ]
      ]
    ]
  },