{
  "iteration": 200,
  "latest_metrics": {
    "global_cost": 8.450541260832112e-05,
    "residual_norm_l2": 0.01240973730324086,
    "consensus_error_l2": 2.4954355845518367e-05,
    "row_variance_mse": 9.729998057261824e-12,
    "relative_solution_error_l2": 0.018654168582423334,
    "iteration": 200,
    "elapsed_s": 3441.763430682011,
    "alpha_grad_l2": 0.000566509406380518,
    "beta_grad_l2": 0.0001443831710522457,
    "alpha_step_l2": 0.001603352676657137,
    "beta_step_l2": 0.001798672220215661
  },
  "alpha": {
    "real": [
      [
        [
          0.7082301639995703,
          0.25870325821917106,
          0.522710419020481,
          0.5405434902355677,
          0.4612922992586941,
          0.35011278166347726,
          0.016766660105897557,
          0.3365450997917021,
          0.3007696026002993,
          0.24517523959671683,
          0.3061494806181493,
          0.05954270289513941,
          0.022318263423398932,
          -0.0335541119660725,
          0.024091502491107697,
          0.048506080529294504,
          0.4517387965910995,
          0.23033385300538134,
          0.2047425414886912,
          0.4471480439876667,
          0.05843454517216351,
          0.4111983163678117,
          0.5728938036418261,
          0.7211598376722836,
          0.5857014798525064,
          0.42876178656557373,
          -0.05720789905489676,
          0.005749695775134178,
          -0.1119484557648498,
          -0.1770256798764671,
          0.48022638684169294,
          -0.07212413209210133,
          -0.01863628417383545,
          -0.032717395923927306,
          -0.02492126014870122,
          -0.0540990825206773,
          0.4373838782753787,
          -0.04724631585709238,
          -0.24184058460866398,
          -0.177358808350649,
          -0.10811296800954917
        ],
        [
          0.7083376330486361,
          0.21962736838386165,
          0.4871372124467328,
          0.5806796406008314,
          0.454908002795797,
          0.21229498443848316,
          -0.013576197325056771,
          0.3516492128830384,
          0.23190057452854118,
          0.18438464261785237,
          0.3897976203536069,
          0.02117115283034643,
          0.0751877481994212,
          -0.023591085767525666,
          0.05151738773223391,
          0.0023033802111656065,
          0.4283496936242459,
          0.07127011271192663,
          0.24537673287293238,
          0.5096413359387575,
          0.05558193862642069,
          0.3654980956842744,
          0.5811027821601429,
          0.6777350251946515,
          0.5334628584609673,
          0.5412249295148914,
          -0.17077717845530316,
          0.14947764067648528,
          -0.10981997108570019,
          -0.12406645423625351,
          0.4686678357807792,
          -0.018200359743966388,
          -0.021803160106339536,
          -0.014316625384567683,
          -0.02108481234207016,
          -0.13859530349049676,
          0.5585893069812156,
          -0.11145112646411981,
          -0.13209121047656547,
          -0.0641642690186841,
          -0.12103003657072753
        ]
      ],
      [
        [
          0.7082318008015357,
          0.2587022366246239,
          0.5227159598627464,
          0.5405474217984292,
          0.4612918647500148,
          0.35010162756715024,
          0.01675832946889777,
          0.3365495601623816,
          0.30075937408994546,
          0.24515950377884455,
          0.30613832652182227,
          0.05953437225813962,
          0.022331688050074572,
          -0.03355275310839678,
          0.024119066373454956,
          0.04852307371917508,
          0.45174276430296967,
          0.2303087070910652,
          0.20473331769464576,
          0.44713401220545546,
          0.058451538362044086,
          0.41120228407968185,
          0.5728953333173674,
          0.7211617359538174,
          0.5857018254576571,
          0.4287618164436333,
          -0.05719330201715955,
          0.005705505613221362,
          -0.11194200615242522,
          -0.17703539588499373,
          0.4802264167197525,
          -0.07210953505436413,
          -0.018647066329601003,
          -0.03271604459298816,
          -0.024937728918766666,
          -0.05410153457508482,
          0.4373866860944071,
          -0.0472462847202717,
          -0.24183816788265933,
          -0.1773625533794081,
          -0.10811542006395669
        ],
        [
          0.7083362934552523,
          0.2196319027337652,
          0.48712755779547434,
          0.5806723363768653,
          0.4549075225168391,
          0.2123099249224838,
          -0.013575335931061083,
          0.35163525348905633,
          0.23190336934008204,
          0.18440004038602487,
          0.3898125608376075,
          0.021172014224342117,
          0.07517907802073731,
          -0.02358904924623184,
          0.05149292716816678,
          0.0022842868146786266,
          0.4283534340762465,
          0.07129635063636552,
          0.24540554272575887,
          0.5096468431451684,
          0.05556284522993371,
          0.36550183613627496,
          0.5810987590271361,
          0.6777329129556247,
          0.5334619222552806,
          0.5412224702140573,
          -0.1707825964892309,
          0.14953949677436862,
          -0.10982720597153817,
          -0.12405992937344745,
          0.46866537647994466,
          -0.018205777777894117,
          -0.0218088012946569,
          -0.014319699079288206,
          -0.02106968802965392,
          -0.13859387367550813,
          0.5585848226634194,
          -0.11145771351215483,
          -0.13209987476952323,
          -0.06416120603083142,
          -0.1210286067557389
        ]
      ]
    ]
  },