{
  "iteration": 446,
  "latest_metrics": {
    "iteration": 440,
    "global_cost": 1.0000338053609523,
    "global_residual_l2": 1.0000169025376284,
    "consensus_error_l2": 0.0,
    "solution_error_l2": 1.0017635697284717,
    "relative_solution_error_l2": 1.0003703292998851,
    "tracked_cost": 1.0000345093272807,
    "alpha_grad_l2": 0.00250452022888573,
    "beta_grad_l2": null,
    "alpha_step_l2": 0.00029202755911507167,
    "beta_step_l2": null
  },
  "alpha": {
    "real": [
      [
        [
          0.025613724240597203,
          1.0809306437105208,
          1.1025909714841013,
          0.4246510134660255,
          -1.1572737851512482,
          1.3819156169929512,
          0.2916748544861072,
          -0.34981345225828564,
          0.13188646058849463,
          1.0510986128395778,
          -0.09641080521541667,
          1.2977954648061827,
          -0.07019490141077389,
          -0.6081776684752236,
          -0.6936706225834173,
          -0.5501363611015391,
          0.686489605460042,
          -0.3437544362669742,
          0.4364517093246363,
          -0.03326088574602659,
          -0.3795531585513654,
          -0.07486491129025952,
          -0.7767845988324242,
          1.3865292286079747,
          0.6528569006416864,
          -2.6315067815602182,
          -1.7607368274412303,
          -0.705532766645518,
          -0.0009670587782513174,
          0.1266766716839296,
          -0.03275388326502471,
          2.683167960548518,
          -0.6849710377953535,
          -0.06234134189192675,
          2.718546767987946,
          0.0514368957582132,
          0.23820639530675036,
          -0.5458069675567505,
          -1.2043127944105383,
          -0.03363548169282238,
          0.6243074719806194,
          -1.3887506963018617,
          -0.7291512074834796,
          -0.07649655376618902,
          -0.9989682294324664,
          0.2614549304618863,
          0.4603980370671623,
          0.2987578787874958,
          -0.19668545100533796,
          0.8615456375716821,
          0.8827624568856773,
          0.0921294566576063,
          -1.0193304533058671
        ]
      ]
    ]
  },
  "beta": {
    "real": [
      [
        [
          0.9999999999999999,
          0.7316522837854409,
          -0.5014400184670524,
          0.879160618287985,
          -1.0717874168774442,
          0.9144672031287815,
          -0.020063454615480314,
          -1.2487488903344155,
          -0.313899471966848,
          0.054102278771543943,
          0.27279133916445364,
          -0.9821881249409778,
          -1.107373047165193,
          0.1995845328470809,
          -0.466749616879802,
          0.23550561173022544,
          0.7595195224783793,
          -1.6487873663509485,
          0.2543881165176174,
          1.2246469675357323,
          -0.29752684437047305,
          -0.8108145832375699,
          0.7522438271795928,
          0.2534465162081414,
          0.8958830707775602,
          -0.3452157100512796,
          -1.4818182737222112,
          -0.11001076471125115,
          -0.44582815301123224,
          0.7753238220475742,
          0.1936328483771539,
          -1.6308492324351012,
          -1.1951630801031998,
          0.8837890365872552,
          0.6797650174178465,
          -0.6402433659084887,
          -0.0010487965672805188,
          0.44557355377618624,
          0.46840433584727803,
          0.8762421961143501,
          0.2564856272215619,
          -0.0948283389684983,
          -0.2588480647878457,
          1.0557428005332508,
          -2.2508542750785376,
          -0.13865532509133738,
          0.03300010398405995,
          -1.4253489608701877,
          0.3328136131380468,
          -0.6512810124433939,
          0.8624447963157467,
          -0.1255920840343272,
          0.6691532407894529
        ]
      ]
    ]
  }
}
