{
  "iteration": 558,
  "latest_metrics": {
    "iteration": 550,
    "global_cost": 0.9802262662452366,
    "global_residual_l2": 0.9900637687771623,
    "consensus_error_l2": 0.0,
    "solution_error_l2": 0.9918373605561349,
    "relative_solution_error_l2": 0.9904579253769504,
    "tracked_cost": 0.9797005011058945,
    "alpha_grad_l2": 0.43698903201540057,
    "beta_grad_l2": null,
    "alpha_step_l2": 0.0032124985021673965,
    "beta_step_l2": null
  },
  "alpha": {
    "real": [
      [
        [
          -0.04173561430005404,
          1.1089609093063606,
          -1.1529245773321373,
          -1.585317656539305,
          2.756453230102599,
          -0.06995883636592737,
          0.34055353739984406,
          -0.2967493577926268,
          -0.26546902794730576,
          0.8329767058539685,
          -0.1008053067953214,
          -0.0037737671574502585,
          0.40163956455717775,
          -0.8088307257203695,
          0.6576422993907998,
          1.990679096855514,
          -1.2268536286684826,
          -0.5905286458479759,
          -0.3120522249612949,
          -0.03380336589544308,
          -1.1575025216672077,
          0.5268181892086847,
          -0.04667137443217273,
          0.06277672581915716,
          0.22090938298210494,
          -0.954311489258096,
          0.30317417448171113,
          -2.7766934340875222,
          -2.1573382371896845,
          -2.733498489671644,
          -1.092658043750606,
          -0.5123004486042184,
          -0.9783815780665517,
          0.5662737754548948,
          -0.6470979405035711,
          -0.0018604067405303404,
          0.9290701610327643,
          0.6041576314013062,
          -0.07193448679327163,
          -0.8558831735831625,
          0.5181729492814187,
          1.7893141614769812,
          3.1411713784425057,
          -0.4718799243768981,
          -0.716494779123559,
          -0.21678928793375452,
          1.3955758300899355,
          -0.4907391729420243,
          1.1702270293664476,
          -0.8971247998796064,
          2.1236853047389364,
          1.3087959316498994,
          -1.1448329016038972
        ]
      ]
    ]
  },
  "beta": {
    "real": [
      [
        [
          0.1,
          0.15358188653595795,
          1.215757635194536,
          0.08791904230952241,
          0.9997014221517802,
          2.3748869133171437,
          0.2739322545923297,
          -0.2803823139429378,
          -0.7710521598195306,
          0.6480646015444851,
          -0.19673006635772383,
          -0.17874637079406774,
          -0.10525977841503176,
          0.6498696525854939,
          -1.0663396121649127,
          -1.5298764906705564,
          -2.4338766971489387,
          1.1986708993900788,
          0.0737933595832665,
          1.5101194131223457,
          -0.008956298110398997,
          -0.7421554551991774,
          0.4779292987996562,
          -0.07658841293719654,
          -1.2541866619736308,
          -0.8850665814507721,
          1.7667793174845876,
          0.35435059532352575,
          0.41638653503017764,
          -0.27655171832101155,
          -0.6897195637660918,
          0.8916558155709344,
          -0.10462645267369153,
          -0.7591081117479304,
          -0.13412851934954784,
          -0.9056060167223512,
          0.19004583859111213,
          1.1292276300690398,
          -0.8360851661432465,
          1.4285440051707843,
          -0.6676199486614571,
          0.15341216272393998,
          -0.8363865253041882,
          -0.22223516635433516,
          0.04740441249412619,
          -0.434684946173427,
          -0.7028878955725051,
          -0.6778861906636613,
          -0.8211599492508599,
          -1.570079992924429,
          -0.2629696110774593,
          0.4011582096101374,
          0.9084019250927495
        ]
      ]
    ]
  },
  "failed": 0,
  "error_message": null,
  "optimizer_state": {
    "step": 558,
    "y": {
      "real": [
        [
          [
            0.44014038812140843,
            -0.00010970100170962487,
            0.0015411701977307824,
            -0.002526065617032795,
            -0.00226270080557911,
            0.0060622575622847385,
            0.0026452288855657318,
            0.0013943859789181945,
            -0.0030524931041218534,
            -0.00019728967978694095,
            0.0006162719981912944,
            -0.0003062989721716079,
            0.00023692305295210016,
            -0.001720514564298005,
            0.0005434478597417377,
            -0.0006729090253812186,
            -0.0027863834872740275,
            -0.0023209907074880467,
            -0.001326684504865916,
            0.0009237963648053737,
            -0.0007957610835705366,
            -0.002043738455414803,
            0.000269746674410461,
            -0.00026020086541776396,
            -0.003358656902037127,
            -0.0037782155863386106,
            -0.001720514564298023,
            0.0005434478597417321,
            -0.004191249983290126,
            0.003413889704544614,
            -0.0026966485946900293,
            -0.0005142417351907407,
            -0.0021958093691641853,
            0.00181282807893527,
            -2.318611006369136e-05,
            0.00041146442260023324,
            0.0013295950806625528,
            0.0018312908100864326,
            -0.001877081945766541,
            -0.00284775275552822,
            -0.004495728875823214,
            -0.0025760469620591886,
            -0.002559551435657235,
            -0.00023449543476682512,
            -0.00023315110569420774,
            0.0030424529199778515,
            0.0030530579297800642,
            0.0018736319522373868,
            0.0018842910207634788,
            0.002514119336617804,
            0.0025048559108548653,
            -0.0028556780921014163,
            -0.0028477527555282184
          ]
        ]
      ]
    },
    "a_alpha": {
      "real": [
        [
          [
            -0.07074262774487582,
            7.462529129466411e-06,
            -0.00018762849659430863,
            0.00022792095030045318,
            0.0002447014385009455,
            -0.0007431803930453209,
            -0.0002768047652866276,
            -0.00019718408858360886,
            0.00032821134100177133,
            7.969625282828544e-05,
            -0.00010735493118216544,
            5.892217810640256e-05,
            -3.165450231280671e-06,
            0.00018938675071860985,
            -8.041250149282569e-05,
            7.094020807982507e-05,
            0.00034751246771982925,
            0.0002484924312504188,
            0.00016560357275108019,
            -0.00010518243902715377,
            0.00010231407204375795,
            0.0002503566505780544,
            -1.2920345103546805e-05,
            6.54454492384367e-05,
            0.00039316505399068525,
            0.00045203361957373185,
            0.00018938675071857947,
            -8.041250149282872e-05,
            0.0004841360510177805,
            -0.00041047549424335484,
            0.00031746166008989475,
            5.82805799767837e-05,
            0.00028161068898865206,
            -0.00023939500624870798,
            -1.6232282433599545e-05,
            -4.173137094106515e-05,
            -0.00016094551258957824,
            -0.0002417872256038632,
            0.0002483595354755387,
            0.0003514676191786299,
            0.000494776310975944,
            0.00030516462985137886,
            0.0003070948896118567,
            2.872778106575871e-05,
            1.969181114082791e-05,
            -0.0003627446267732927,
            -0.0003651066670697395,
            -0.00022207348067061037,
            -0.0002265329115040825,
            -0.00028012405602520995,
            -0.00027898163778402544,
            0.00035234551134974955,
            0.00035146761917862894
          ]
        ]
      ]
    },