{
  "iteration": 1000,
  "latest_metrics": {
    "iteration": 1000,
    "global_cost": 0.0001331786049596495,
    "global_residual_l2": 0.011540303507132707,
    "consensus_error_l2": 0.0,
    "solution_error_l2": 0.013544343754455675,
    "relative_solution_error_l2": 0.013525506448061627,
    "tracked_cost": 0.00013317860495987155,
    "alpha_grad_l2": 1.1623029716172326e-08,
    "beta_grad_l2": null,
    "alpha_step_l2": 1.1956377513006485e-08,
    "beta_step_l2": null
  },
  "alpha": {
    "real": [
      [
        [
          1.0010115506354333,
          1.907392466193869e-09,
          -3.0042484056025387e-09,
          5.736054298211002e-09,
          1.168539931484247e-09,
          -2.0567081371325457e-09,
          -1.4962022731879188e-09,
          7.819953573573457e-10,
          -4.617074278456812e-09,
          2.933193243848109e-09,
          1.8185783545732193e-08,
          -6.063967994407449e-09,
          1.1734462290746706e-09,
          -2.8486613068423594e-09,
          0.008543605129900822,
          -9.745670936922579e-11,
          -7.431832926840798e-11,
          -5.560574223295589e-11,
          -3.589040176166236e-10,
          1.6230927712967969e-10,
          5.961058313630474e-10,
          -9.331690975500351e-11,
          -1.2602487942103835e-09,
          -1.2574608021509448e-10,
          8.383604921391452e-10,
          7.328671003392628e-11,
          0.008543605129914145
        ]
      ]
    ]
  },
  "beta": {
    "real": [
      [
        [
          0.9999999999999999,
          -0.00581802291684852,
          0.03875176844044592,
          -0.07855853830928261,
          -0.07909128831341183,
          -0.059618510494110044,
          0.07688993473765882,
          0.03596229229691694,
          0.06984726472288694,
          0.028887253841103355,
          -0.01869152046489253,
          0.0033156388249993007,
          0.01868870355118135,
          0.07242359698152567,
          -0.01236276676817516,
          0.07844802199332879,
          0.022743387680517646,
          0.06587122516131627,
          -0.0003887890165503727,
          0.03850362636599458,
          -0.03219492507013788,
          0.004565700784752824,
          -0.05675532179619713,
          -0.07985927959630468,
          -0.09227917401580621,
          0.04038989527719794,
          -0.008713875823688877
        ]
      ]
    ]
  },
  "failed": 0,
  "error_message": null,
  "optimizer_state": {
    "step": 1000,
    "y": {
      "real": [
        [
          [
            -2.220446049250313e-16,
            8.524564792886986e-10,
            -1.5254072823809262e-09,
            2.267813384712263e-09,
            9.222902346975756e-10,
            -5.236070635661643e-10,
            -4.860068195499836e-10,
            1.2098970218587558e-09,
            -1.959871355016052e-09,
            1.5354105964842884e-09,
            7.814830804277323e-09,
            -2.3420146618131323e-09,
            6.418797934699578e-10,
            -1.175213319302244e-09,
            1.0633579112162407e-16,
            1.1573617920559978e-13,
            -3.12644851978143e-11,
            1.165918358473443e-13,
            -1.1080692403850343e-10,
            4.3446020452311554e-11,
            1.5321209542515445e-10,
            -1.0654176397208295e-11,
            -3.210513142247167e-10,
            -5.307829231882915e-11,
            3.4615009020688064e-10,
            -1.2653609564063286e-11,
            -1.8285704481835032e-16
          ]
        ]
      ]
    },
    "a_alpha": {
      "real": [
        [
          [
            -3.989860030168316e-16,
            6.697382698659869e-12,
            2.0049640747959098e-10,
            -6.93864035658185e-11,
            1.1434847940910142e-10,
            9.807738038472197e-11,
            5.1527860813852776e-11,
            1.3039170236396613e-11,
            -2.487149525818022e-10,
            -9.886336934497298e-11,
            1.568383901062862e-10,
            -3.5159736537092004e-11,
            -2.1800832358018128e-10,
            7.193314605812509e-11,
            4.005153160244666e-18,
            1.0636759685551766e-12,
            -3.765866691814801e-12,
            1.2029315624419304e-11,
            6.964845770194235e-12,
            -1.4667570686651065e-11,
            -4.426421284159404e-12,
            -5.095937463840743e-13,
            -9.145966722096796e-12,
            2.2527838644050004e-12,
            2.7918194149628943e-11,
            -2.088842603869345e-12,
            1.9058029207497897e-18
          ]
        ]
      ]
    },
    "b_alpha": {
      "real": [
        [
          [
            2.3813624295051007e-06,
            5.098653279101376e-07,
            3.575914658281232e-07,
            9.076298687759908e-07,
            1.5681932446519118e-06,
            1.1335492918093408e-07,
            4.2382844862785606e-07,
            9.225515763645927e-07,
            1.908623720237959e-06,
            4.6278916415628617e-07,
            2.3409346517134335e-07,
            6.06239976879343e-08,
            1.121544915787652e-06,
            4.3677179635611004e-08,
            1.1947546263591317e-07,
            3.863998390948471e-08,
            7.208070376475791e-08,
            1.079499524905609e-06,
            1.518785957863099e-07,
            6.923989698756558e-08,
            4.819089085830649e-07,
            1.3667594593792584e-07,
            4.9621079012043776e-08,
            7.291822240099729e-07,
            3.256364008676454e-07,
            1.5565972281295488e-07,
            9.804381808376971e-07
          ]
        ]
      ]
    },
    "a_beta": {
      "real": [
        [
          [
            0.0,
            0.0,
            0.0,
            0.0,
            0.0,
            0.0,
            0.0,
            0.0,
            0.0,
            0.0,
            0.0,
            0.0,
            0.0,
            0.0,
            0.0,
            0.0,
            0.0,
            0.0,
            0.0,
            0.0,
            0.0,
            0.0,
            0.0,
            0.0,
            0.0,
            0.0,
            0.0
          ]
        ]
      ]
    },
    "b_beta": {
      "real": [
        [
          [
            0.0,
            0.0,
            0.0,
            0.0,
            0.0,
            0.0,
            0.0,
            0.0,
            0.0,
            0.0,
            0.0,
            0.0,
            0.0,
            0.0,
            0.0,
            0.0,
            0.0,
            0.0,
            0.0,
            0.0,
            0.0,
            0.0,
            0.0,
            0.0,
            0.0,
            0.0,
            0.0
          ]
        ]
      ]
    }
  }
}
