{
  "iteration": 444,
  "latest_metrics": {
    "iteration": 440,
    "global_cost": 1.0001607485145976,
    "global_residual_l2": 1.000080371027548,
    "consensus_error_l2": 0.0,
    "solution_error_l2": 1.0015409998005302,
    "relative_solution_error_l2": 1.000148068919457,
    "tracked_cost": 0.9999001186327395,
    "alpha_grad_l2": 0.0055912125163798485,
    "beta_grad_l2": null,
    "alpha_step_l2": 0.00020429674373899316,
    "beta_step_l2": null
  },
  "alpha": {
    "real": [
      [
        [
          0.011996115935870385,
          0.6639858105244474,
          -0.12253011953097648,
          -1.5282533665212055,
          2.9692258421459314,
          1.056625017720485,
          0.34918653506090935,
          0.6536932393703956,
          -0.1759560771874198,
          0.6768120134724143,
          -0.26347548743206595,
          0.26461635936034433,
          0.2602193493545091,
          -0.8014054470795573,
          0.29271503776881147,
          1.552694274803879,
          -0.9307315174682982,
          -0.4466720795840118,
          0.06262319608566225,
          0.8978070208918627,
          -0.32058913869036454,
          1.3534143003013188,
          0.627015827160172,
          0.7040840367260999,
          0.011870729393812951,
          -1.2307499385080416,
          0.3105994531224985,
          3.1415646114700504,
          -2.4121742501781895,
          -2.2989971550250683,
          -1.1997019808054186,
          -0.19680190952604137,
          -0.6587989798230423,
          0.682231221368828,
          -0.31407333210559907,
          0.3483942349850988,
          -0.6629951937604468,
          -0.7218777174927804,
          0.1413066053341283,
          -0.47920410981529615,
          -0.8622482846511486,
          1.4301822157687116,
          2.8021061130974614,
          -1.5101745015575776,
          -1.7263615387101512,
          -0.04673412998256854,
          1.5424327839443643,
          -0.497303734400075,
          1.1311136495335887,
          -0.8039239589150942,
          2.181388467361984,
          1.6826340790683139,
          -0.7681538378360284
        ]
      ]
    ]
  },
  "beta": {
    "real": [
      [
        [
          0.9999999999999999,
          0.15358188653595795,
          1.215757635194536,
          0.08791904230952241,
          0.9997014221517802,
          2.3748869133171437,
          0.2739322545923297,
          -0.2803823139429378,
          -0.7710521598195306,
          0.6480646015444851,
          -0.19673006635772383,
          -0.17874637079406774,
          -0.10525977841503176,
          0.6498696525854939,
          -1.0663396121649127,
          -1.5298764906705564,
          -2.4338766971489387,
          1.1986708993900788,
          0.0737933595832665,
          1.5101194131223457,
          -0.008956298110398997,
          -0.7421554551991774,
          0.4779292987996562,
          -0.07658841293719654,
          -1.2541866619736308,
          -0.8850665814507721,
          1.7667793174845876,
          0.35435059532352575,
          0.41638653503017764,
          -0.27655171832101155,
          -0.6897195637660918,
          0.8916558155709344,
          -0.10462645267369153,
          -0.7591081117479304,
          -0.13412851934954784,
          -0.9056060167223512,
          0.19004583859111213,
          1.1292276300690398,
          -0.8360851661432465,
          1.4285440051707843,
          -0.6676199486614571,
          0.15341216272393998,
          -0.8363865253041882,
          -0.22223516635433516,
          0.04740441249412619,
          -0.434684946173427,
          -0.7028878955725051,
          -0.6778861906636613,
          -0.8211599492508599,
          -1.570079992924429,
          -0.2629696110774593,
          0.4011582096101374,
          0.9084019250927495
        ]
      ]
    ]
  }
}
