{
  "iteration": 3,
  "latest_metrics": {
    "global_cost": 0.9064256681671626,
    "residual_norm_l2": 1.2266334520342768,
    "consensus_error_l2": 0.06680175179218466,
    "row_variance_mse": 6.972615691413509e-05,
    "relative_solution_error_l2": 1.6186850937371928,
    "iteration": 3,
    "elapsed_s": 52.560717813670635
  },
  "alpha": {
    "real": [
      [
        [
          0.9694575741958742,
          -3.0756666349431865,
          -2.9236891312045095,
          -2.86543497097398,
          -2.686619376836603,
          -2.4290169400560395,
          -2.3824316270998294,
          -2.2159617388677226,
          -1.948481345621848,
          -1.8007211397439804,
          -1.6234803622125025,
          -1.5768950492562923,
          -1.4074898174583175,
          -1.1409590480430598,
          -0.981968747879018,
          -0.8204863787953278,
          -0.6792669048143072,
          -0.586530659555101,
          -0.3372818204572945,
          -0.17588189807020438,
          -0.014949800951791214,
          0.12626967302922942,
          0.30297728188506445,
          0.4686819677256375,
          0.625022388132169,
          0.6813172327963235,
          0.8391729398824257,
          1.004155953142737,
          1.2706054444890444,
          1.4245109414418362,
          1.48685381063986,
          1.6447095177259623,
          1.8135393274953149,
          1.974494275781998,
          2.129805009203512,
          2.4014028341849727,
          2.4597841463717423,
          2.6166592334029986,
          2.7757699519115153,
          3.04645244958097,
          -3.0762458951510783
        ],
        [
          0.920230424102424,
          -3.065422139471935,
          -2.9774563591647203,
          -2.853685715865135,
          -2.6965136204915843,
          -2.4913325551198455,
          -2.3723912700811893,
          -2.1408434341625417,
          -1.9388211780845723,
          -1.774438511329026,
          -1.6857959772763083,
          -1.5668546922376523,
          -1.3298172045531493,
          -1.1326849182043381,
          -0.9728494097419542,
          -0.8111552397265314,
          -0.6538967056842839,
          -0.5173610449752268,
          -0.32702071471932914,
          -0.16716084366027228,
          -0.005618661882995202,
          0.15163987215925223,
          0.31691927503417316,
          0.47801114148058366,
          0.637890357718299,
          0.690590155084283,
          0.8488555493568448,
          1.0110960114970462,
          1.2827627307903677,
          1.442425432187143,
          1.49612673292782,
          1.6543921272003814,
          1.816570191063593,
          1.9837242850843353,
          2.1404417405095337,
          2.4080390377200462,
          2.4655825712370216,
          2.6243854671596676,
          2.7856932892496413,
          3.0539606885327792,
          -3.0696096916160034
        ]
      ],
      [
        [
          0.9701336379173728,
          -3.0761267728626485,
          -2.9188399565026355,
          -2.861741131256427,
          -2.683569353072561,
          -2.435016624479046,
          -2.3817805454585894,
          -2.2175503049754592,
          -1.9505763248047754,
          -1.8014436572711452,
          -1.6294800466355086,
          -1.5762439676150524,
          -1.4126319079205734,
          -1.1448057635301785,
          -0.982530531475386,
          -0.8213771349196257,
          -0.6747300576820865,
          -0.5834169333131807,
          -0.3365820372735455,
          -0.1763591573429415,
          -0.015840557076089112,
          0.13080652016145056,
          0.3058628099949501,
          0.4680461190180454,
          0.6171548042011588,
          0.6842188741857771,
          0.8399551609223477,
          1.0022883693270384,
          1.270067837636783,
          1.4137383943304371,
          1.4897554520293141,
          1.6454917387658838,
          1.809270903154247,
          1.9814104088277578,
          2.130746887864527,
          2.3851311363241763,
          2.459911713835389,
          2.6147567402899146,
          2.7748065654267613,
          3.044692192456174,
          -3.0925175930118747
        ],
        [
          0.9207002045793458,
          -3.0817950044504365,
          -2.9820795972824743,
          -2.8527627619236218,
          -2.6915842130109815,
          -2.5116624306312625,
          -2.359727967963488,
          -2.1344469159459463,
          -1.9390448960735198,
          -1.7776047118591536,
          -1.7061258527877254,
          -1.5541913901199509,
          -1.3265043720705003,
          -1.1338327801120123,
          -0.9778043244327028,
          -0.8307487380941962,
          -0.6549704723862066,
          -0.5085892184046061,
          -0.3280010551503225,
          -0.16615652075703258,
          -0.025212160250659643,
          0.1505661054573295,
          0.31716931666002557,
          0.47840617468044444,
          0.6360636376049853,
          0.6917387585997377,
          0.8644257150032004,
          1.022989787719677,
          1.2544304055390318,
          1.4397837966465081,
          1.4972753364432752,
          1.669962292846737,
          1.8244631600621606,
          1.9846046576192578,
          2.162465102035269,
          2.406468487753971,
          2.465791369296844,
          2.62413860414899,
          2.785713751321108,
          3.036184872520269,
          -3.0711802415820784
        ]
      ]
    ]
  },