{"alpha": [[[[-0.01916174263392538, 0.04200539323682004, 0.07378310016464984, -0.03632955836753693, 0.032072915009337205, 0.033020483240874116, 1.8125522643932385e-05, 0.07272733067820145, -0.036982911381890374, 0.046766510831081125, -0.010588033230161064]], [[3.227551118773176, 3.1131512243873796, 0.02106450466474851, -0.008766411161611767, 0.054734722614093394, -0.035724691421228846, 0.06288456888012486, -0.006669669883050892, 0.06937888594723295, 0.060968186316157566, 0.03616191542365044]]], [[[0.021720575519909587, 0.0024033804774517215, 0.1063253261612203, -0.05268358420875157, 0.041788325629004086, 0.029817004780671612, -0.013057318469322449, 0.07426883431785072, -0.01243814382130245, 0.06653257453285664, 0.0063217967018489776]], [[3.2153486459602885, 3.133431087431377, 0.02315705798785477, -0.021645073295980685, 0.014666756985923936, -0.0483352891892043, 0.007597663452730207, -0.006014974449526714, 0.04488101841368512, 0.05073696253218765, 0.052806393112135946]]]], "beta": [[[[0.03216036707835377, 0.024996416174001584, -0.0859564326441153, 0.058720823553023736, -0.008678743931883403, 0.045287038069846686, -0.006383468717621353, -0.04354319820559326, -0.03216166917696377, 0.0003614546929974743, -0.09476196238873574]], [[3.093791720124057, 3.1786323422352054, 0.03993386182989483, -0.011673282244653737, 0.02315245614700582, 0.03974340278494584, 0.01116926317390248, 0.042676802359852314, 0.009846560628971521, -0.035597719715972274, -0.0039044516870125542]]], [[[-0.04551579768505789, 0.006202273596130663, 0.009445209463486166, -0.019135919491821606, 0.03129503988535057, 0.02370556051071565, -0.05918789403640871, 0.08918469729330268, 0.05870282737226787, 0.06528080230941169, -0.01994381188474302]], [[3.1269345566898976, 3.154397409152818, 0.045003302811364276, 0.033735088419318646, -0.044220827592115014, 0.023531729306772824, 0.06932087310892734, 0.029504204568766748, -0.0033505714969629414, -0.08764356845528393, -0.06740344325154858]]]], "sigma": [[0.6722703407196691, 0.6564913801995803], [0.6664752201066818, 0.643670980703108]], "lambda": [[-0.03977608373851718, -0.04276303167081361], [0.0543280101643568, 0.03862743933514497]], "b_norm": [[0.35355339059327373, 0.35355339059327373], [0.35355339059327373, 0.35355339059327373]], "summary": {"sigma_min": 0.643670980703108, "sigma_max": 0.6722703407196691, "sigma_mean": 0.6597269804322599, "sigma_l2": 1.319632484331619, "lambda_min": -0.04276303167081361, "lambda_max": 0.0543280101643568, "lambda_mean": 0.0026040835225427453, "lambda_l2": 0.08862519660492325, "alpha_l2": 6.35159687511969, "beta_l2": 6.283644823828798}}